-- phpMyAdmin SQL Dump
-- version 4.8.3
-- https://www.phpmyadmin.net/
--
-- Хост: localhost
-- Время создания: Фев 03 2019 г., 23:47
-- Версия сервера: 5.6.39-83.1
-- Версия PHP: 5.6.37

SET SQL_MODE = "NO_AUTO_VALUE_ON_ZERO";
SET time_zone = "+00:00";


/*!40101 SET @OLD_CHARACTER_SET_CLIENT=@@CHARACTER_SET_CLIENT */;
/*!40101 SET @OLD_CHARACTER_SET_RESULTS=@@CHARACTER_SET_RESULTS */;
/*!40101 SET @OLD_COLLATION_CONNECTION=@@COLLATION_CONNECTION */;
/*!40101 SET NAMES utf8mb4 */;

--
-- База данных: `cs04501_gl`
--
CREATE DATABASE IF NOT EXISTS `cs04501_gl` DEFAULT CHARACTER SET utf8 COLLATE utf8_general_ci;
USE `cs04501_gl`;

-- --------------------------------------------------------

--
-- Структура таблицы `category`
--

CREATE TABLE IF NOT EXISTS `category` (
  `id` tinyint(5) NOT NULL AUTO_INCREMENT,
  `category` varchar(255) NOT NULL,
  `category_eng` varchar(255) NOT NULL,
  `product` varchar(255) NOT NULL,
  `product_eng` varchar(255) NOT NULL,
  `description` text NOT NULL,
  PRIMARY KEY (`id`)
) ENGINE=InnoDB AUTO_INCREMENT=29 DEFAULT CHARSET=utf8;

--
-- Дамп данных таблицы `category`
--

INSERT INTO `category` (`id`, `category`, `category_eng`, `product`, `product_eng`, `description`) VALUES
(1, 'Гейнер', 'geiner', 'Спортивное питание', 'sport-eat', 'представляет собой смесь белков и углеводов в разных пропорциях. Фактически, это «чистое топливо» для мышц.'),
(2, 'Протеин', 'protein', 'Спортивное питание', 'sport-eat', 'это концентрированные специальные смеси, применяемые в спортивном питании для увеличения употребляемого белка.'),
(3, 'Аминокислоты', 'amino', 'Спортивное питание', 'sport-eat', 'это строительные блоки для наращивания и восстановления мышц после тренировок.'),
(4, 'BCAA', 'bcaa', 'Спортивное питание', 'sport-eat', 'это комплекс из трёх аминокислот – валин, лейцин и изолейцин. BCAA обеспечивают организм энергией, увеличивают выносливость.'),
(5, 'Креатин', 'creatin', 'Спортивное питание', 'sport-eat', 'это азотсодержащая карбоновая кислота, позволяющая увеличить силу и прирост мышечной массы.'),
(6, 'Жиросжигатели', 'fat-burner', 'Спортивное питание', 'sport-eat', 'это вид спортивного питания, способствующий снижению массы тела.'),
(7, 'Батончики', 'candy-bar', 'Спортивное питание', 'sport-eat', 'это заменители питания, являющиеся прекрасным источником протеинов, углеводов, аминокислот, минералов и витаминов.'),
(8, 'Витамины', 'vitamin', 'Спортивное питание', 'sport-eat', 'это спортивная добавка, повышающая функц-ые возможности и устойчивость организма к неблагоприятным факторам.'),
(9, 'Наборы', 'kit', 'Наборы', '', ''),
(10, 'Новинки', 'new', 'Новинки', '', ''),
(11, 'Штаны для зала', 'leggings', 'Одежда', 'clothes', 'широкий ассортимент профессиональной и удобной одежды, отвечающей высшим стандартам качества и адаптирована для занятий фитнесом.'),
(12, 'Кепки и шапки', 'cap', 'Одежда', 'clothes', 'широкий ассортимент профессиональной и удобной одежды, отвечающей высшим стандартам качества и адаптирована для занятий фитнесом.'),
(13, 'Футболки', 'tee-shirt', 'Одежда', 'clothes', 'широкий ассортимент профессиональной и удобной одежды, отвечающей высшим стандартам качества и адаптирована для занятий фитнесом.'),
(14, 'Шорты', 'short', 'Одежда', 'clothes', 'широкий ассортимент профессиональной и удобной одежды, отвечающей высшим стандартам качества и адаптирована для занятий фитнесом.'),
(15, 'Майки и безрукавки', 'jackets', 'Одежда', 'clothes', 'широкий ассортимент профессиональной и удобной одежды, отвечающей высшим стандартам качества и адаптирована для занятий фитнесом.'),
(16, 'Бандажи', 'bandage', 'Экипировка', 'equipments', 'предназначены для фиксации и защиты мышц, суставов, связочного аппарата. Эффективены при травмах и лечении различных травм.'),
(17, 'Бинты', 'bint', 'Экипировка', 'equipments', 'это средство защиты, помогающее обезопасить себя и свое тело от незначительных травм.'),
(18, 'Тяги и крюки', 'traction', 'Экипировка', 'equipments', 'важный аксессуар для силовых тренировок,который снижает нагрузку на мышцы обеспечивая крепкий захват грифа и снижая нагрузку на кисть.'),
(19, 'Перчатки мужские', 'gloves-m', 'Экипировка', 'equipments', 'необходимы для повышения сцепления рук со снарядом и предотвращения получения механических повреждений.'),
(20, 'Перчатки женские', 'gloves-w', 'Экипировка', 'equipments', 'необходимы для повышения сцепления рук со снарядом и предотвращения получения механических повреждений.'),
(21, 'Ремни и пояса', 'belt', 'Экипировка', 'equipments', 'используют профессионалыные атлеты для защиты поясницы, помогая поднять больше веса при выполнении упражнений.'),
(22, 'Хваты', 'grip', 'Экипировка', 'equipments', 'незаменимый аксессуар для бодибилдинга, необходимый любому спортсмену, который занят серьезным базовым тренингом.'),
(23, 'Бутылки', 'bottle', 'Разное', 'other', 'аксессуары для фитнеса применяются для удобства приёма спортивного питания, переноса одежды и организации тренировочного процесса.'),
(24, 'Контейнеры', 'container', 'Разное', 'other', 'аксессуары для фитнеса применяются для удобства приёма спортивного питания, переноса одежды и организации тренировочного процесса.'),
(25, 'Стаканы', 'cup', 'Разное', 'other', 'аксессуары для фитнеса применяются для удобства приёма спортивного питания, переноса одежды и организации тренировочного процесса.'),
(26, 'Сумки', 'bag', 'Разное', 'other', 'аксессуары для фитнеса применяются для удобства приёма спортивного питания, переноса одежды и организации тренировочного процесса.'),
(27, 'Шейкеры', 'shakes', 'Разное', 'other', 'аксессуары для фитнеса применяются для удобства приёма спортивного питания, переноса одежды и организации тренировочного процесса.'),
(28, 'Крема,гели,спреи', 'gel', 'Разное', 'other', 'аксессуары для фитнеса применяются для удобства приёма спортивного питания, переноса одежды и организации тренировочного процесса.');

-- --------------------------------------------------------

--
-- Структура таблицы `news`
--

CREATE TABLE IF NOT EXISTS `news` (
  `id_news` tinyint(5) NOT NULL AUTO_INCREMENT,
  `date_news` text NOT NULL,
  `nazv_news` varchar(255) NOT NULL,
  `opis_news` text NOT NULL,
  `mini_opis_news` text NOT NULL,
  `photo_news` varchar(255) NOT NULL,
  PRIMARY KEY (`id_news`)
) ENGINE=InnoDB AUTO_INCREMENT=5 DEFAULT CHARSET=utf8;

--
-- Дамп данных таблицы `news`
--

INSERT INTO `news` (`id_news`, `date_news`, `nazv_news`, `opis_news`, `mini_opis_news`, `photo_news`) VALUES
(1, '01 января 2018 г. ', 'Открытие нашего интернет-магазина! ', 'С сегодняшнего дня мы принимаем заказаны на все товары из каталога.', 'С сегодняшнего дня мы принимаем заказаны на все товары из каталога.', ''),
(2, '03 января 2018 г.', 'Специальные цены на продукцию Optium Nutrition', 'Только 3 дня акции!!! На всю продукцию компании Optium Nutrition из нашего каталога скидки! ', 'Только 3 дня акции!!! На всю продукцию компании Optium Nutrition из нашего каталога скидки! ', ''),
(3, '04 января 2018 г.', 'В продаже появилась новая продукция', 'Новый гейнер TRUE MASS 2000 уже в продаже!  ', 'Новый гейнер TRUE MASS 2000 уже в продаже!  ', ''),
(4, '09 января 2018 г.', 'Бесплатная доставка', 'При заказе от 2500 руб. доставка товара осуществляется бесплатно.', 'При заказе от 2500 руб. доставка товара осуществляется бесплатно.', '');

-- --------------------------------------------------------

--
-- Структура таблицы `otzyv`
--

CREATE TABLE IF NOT EXISTS `otzyv` (
  `id_otzyv` mediumint(9) NOT NULL AUTO_INCREMENT,
  `id_tovar` smallint(6) NOT NULL,
  `comment` text NOT NULL,
  `advantage` text NOT NULL,
  `disadvantage` text NOT NULL,
  `name` varchar(255) NOT NULL,
  `date` date NOT NULL,
  PRIMARY KEY (`id_otzyv`)
) ENGINE=MyISAM AUTO_INCREMENT=25 DEFAULT CHARSET=utf8;

--
-- Дамп данных таблицы `otzyv`
--

INSERT INTO `otzyv` (`id_otzyv`, `id_tovar`, `comment`, `advantage`, `disadvantage`, `name`, `date`) VALUES
(1, 0, ' рлоплпропло', 'попорп', ' пропро', '', '2016-05-24'),
(11, 145, ' sdafsadf', ' dsafds', ' sdafsdf', 'Илья', '2016-05-28'),
(14, 145, ' Все ок', ' Превосходный вкус', ' Не нашел', 'Вася', '2016-05-29'),
(13, 145, ' asdf', ' asdfsdf', ' asdfsdaf', 'Илья', '2016-05-28'),
(21, 156, 'asdfsaf', 'asfdsaf', 'dfadsf', 'Илья', '2016-07-22'),
(23, 157, ' sadf', ' dasd', ' fasdf', 'Илья', '2016-09-21'),
(24, 157, ' ', ' ', ' ', '', '2018-05-09');

-- --------------------------------------------------------

--
-- Структура таблицы `promotion`
--

CREATE TABLE IF NOT EXISTS `promotion` (
  `id_promotion` mediumint(9) NOT NULL AUTO_INCREMENT,
  `id_tovar` smallint(6) NOT NULL,
  `title` text NOT NULL,
  `description` text NOT NULL,
  `keywords` text NOT NULL,
  UNIQUE KEY `id_promotion` (`id_promotion`)
) ENGINE=MyISAM DEFAULT CHARSET=utf8;

-- --------------------------------------------------------

--
-- Структура таблицы `promotion_category`
--

CREATE TABLE IF NOT EXISTS `promotion_category` (
  `id_promotion` mediumint(9) NOT NULL AUTO_INCREMENT,
  `id_category` mediumint(6) NOT NULL,
  `title` text NOT NULL,
  `description` text NOT NULL,
  `keywords` text NOT NULL,
  `category` varchar(255) NOT NULL,
  UNIQUE KEY `id_promotion` (`id_promotion`)
) ENGINE=MyISAM AUTO_INCREMENT=4 DEFAULT CHARSET=utf8;

--
-- Дамп данных таблицы `promotion_category`
--

INSERT INTO `promotion_category` (`id_promotion`, `id_category`, `title`, `description`, `keywords`, `category`) VALUES
(1, 2, '  Протеин ', '  Протеин-это спортивное питание', '  спортивное питание для роста', ''),
(2, 1, '  wqtr', '  qwr', '  wqer', '');

-- --------------------------------------------------------

--
-- Структура таблицы `promotion_manuf`
--

CREATE TABLE IF NOT EXISTS `promotion_manuf` (
  `id_promotion` mediumint(9) NOT NULL AUTO_INCREMENT,
  `id_manuf` smallint(6) NOT NULL,
  `title` text NOT NULL,
  `description` text NOT NULL,
  `keywords` text NOT NULL,
  `manuf` varchar(255) NOT NULL,
  UNIQUE KEY `id_promotion` (`id_promotion`)
) ENGINE=MyISAM AUTO_INCREMENT=7 DEFAULT CHARSET=utf8;

--
-- Дамп данных таблицы `promotion_manuf`
--

INSERT INTO `promotion_manuf` (`id_promotion`, `id_manuf`, `title`, `description`, `keywords`, `manuf`) VALUES
(1, 0, '  sdf', '  dsfdsf', '  sdfsdf', '6 Pack Fitness');

-- --------------------------------------------------------

--
-- Структура таблицы `promotion_tovary`
--

CREATE TABLE IF NOT EXISTS `promotion_tovary` (
  `id_promotion` mediumint(9) NOT NULL AUTO_INCREMENT,
  `id_tovar` smallint(6) NOT NULL,
  `title` text NOT NULL,
  `description` text NOT NULL,
  `keywords` text NOT NULL,
  `nazv` varchar(255) NOT NULL,
  UNIQUE KEY `id_promotion` (`id_promotion`)
) ENGINE=MyISAM AUTO_INCREMENT=8 DEFAULT CHARSET=utf8;

--
-- Дамп данных таблицы `promotion_tovary`
--

INSERT INTO `promotion_tovary` (`id_promotion`, `id_tovar`, `title`, `description`, `keywords`, `nazv`) VALUES
(1, 149, 'Гейнер, Sport Gainer', 'Лучший гейнер', 'купить гейнер в Спб', ''),
(4, 93, ' Креатин, C4 Extreme', '  Лучший креатин в своём классе', '  Купить креатин в Спб', ''),
(7, 77, '  asd', '  asd', '  asd', '');

-- --------------------------------------------------------

--
-- Структура таблицы `sale`
--

CREATE TABLE IF NOT EXISTS `sale` (
  `id_sale` tinyint(5) NOT NULL AUTO_INCREMENT,
  `date_sale` text NOT NULL,
  `nazv_sale` varchar(255) NOT NULL,
  `opis_sale` text NOT NULL,
  `photo_sale` varchar(255) NOT NULL,
  PRIMARY KEY (`id_sale`)
) ENGINE=InnoDB AUTO_INCREMENT=4 DEFAULT CHARSET=utf8;

--
-- Дамп данных таблицы `sale`
--

INSERT INTO `sale` (`id_sale`, `date_sale`, `nazv_sale`, `opis_sale`, `photo_sale`) VALUES
(1, '01 октября 2015 г. ', ' Товары недели', 'Каждую неделю мы делаем скидки до 40% на более 20 товаров из нашего каталога. Количество товаров ограничено!', ''),
(2, '15 октября 2015 г.', 'Скидка на продукцию компании Optium Nutrition', 'С 15 по 25 октября специальные цены на товары Optium Nutrition из нашего каталога! Скидка 20%!', ''),
(3, '01 ноября 2015 г. ', 'Специальные наборы', 'У нас в интернет-магазине Вы можете приобрести специальные наборы спортивного питания (Гейнер + Протеин + Аминокислоты) со скидкой 15%! Торопитесь количество наборов ограничено!', '');

-- --------------------------------------------------------

--
-- Структура таблицы `sklad`
--

CREATE TABLE IF NOT EXISTS `sklad` (
  `id` smallint(6) NOT NULL AUTO_INCREMENT,
  `id_tov` mediumint(4) NOT NULL,
  `id_cat` tinyint(4) NOT NULL,
  `manuf` text NOT NULL,
  `nazv` varchar(255) NOT NULL,
  `category` text NOT NULL,
  `mass` mediumint(9) NOT NULL,
  `kol` text NOT NULL,
  `preference` text NOT NULL,
  `release_form` text NOT NULL,
  `product_availability` tinyint(4) NOT NULL,
  `unit` text NOT NULL,
  `photo` varchar(255) NOT NULL,
  `cena` mediumint(9) NOT NULL,
  `cena_sale` mediumint(9) NOT NULL,
  `spec` tinyint(4) NOT NULL,
  PRIMARY KEY (`id`)
) ENGINE=MyISAM AUTO_INCREMENT=11 DEFAULT CHARSET=utf8;

--
-- Дамп данных таблицы `sklad`
--

INSERT INTO `sklad` (`id`, `id_tov`, `id_cat`, `manuf`, `nazv`, `category`, `mass`, `kol`, `preference`, `release_form`, `product_availability`, `unit`, `photo`, `cena`, `cena_sale`, `spec`) VALUES
(1, 145, 0, 'Universal Nutrition', 'Amino 2250', 'Аминокислоты', 120, '4,3', 'Клубника,Шоколад', 'Таблетки', 1, 'таблеток', '145.jpeg', 2300, 2100, 0),
(2, 144, 0, 'Twinlab', 'Flax Fish Combo Oil', 'Аминокислоты', 120, '2,5', 'Шоколад,Нейтральный', 'Капсулы', 1, 'капсул', '', 0, 0, 0),
(3, 139, 0, 'Gaspari Nutrition', 'BCAA 6000', 'Аминокислоты', 180, '3', 'Нейтральный', 'Таблетки', 1, 'таблеток', '', 0, 0, 0),
(4, 138, 0, 'Labrada Nutrition', 'Kre-Alkalyn Creatin Concentrate', 'Креатин', 240, '10', 'Нейтральный', 'Капсулы', 1, 'капсул', '', 0, 0, 0),
(5, 133, 0, 'VP Lab', 'Biobar', 'Батончики', 45, '25', 'Орех-семечки', 'Батончик', 1, 'шт', '', 0, 0, 0),
(6, 132, 0, 'Optimum Nutrition', 'Pro Gainer', 'Протеин', 4540, '2,4,8', 'Шоколад,Клубника,Банан', 'Порошок', 1, 'гр', '', 0, 0, 0),
(7, 124, 0, 'MuscleTech', 'Mass Tech Performance Series', 'Гейнер', 3200, '1,3,1', 'Шоколад,Ваниль,Шоколад-арахис', 'Порошок', 1, 'гр', '124.jpeg', 4325, 4000, 0),
(8, 134, 0, 'Olimp', 'Anabolic Amino 5500', 'Аминокислоты', 400, '2,0', 'Нейтральный,Малина', 'Капсулы', 1, 'гр', '', 0, 0, 0),
(9, 149, 1, 'PVL', 'Sport Gainer', 'Гейнер', 1520, '2,6', 'Шоколад,Ваниль', 'Порошок', 1, 'гр', '', 0, 0, 0),
(10, 160, 3, 'Twinlab', 'ZMA Fuel', 'Аминокислоты', 90, '3', 'Нейтральный', 'Капсулы', 1, 'капсул', '160.jpeg', 1300, 1250, 1);

-- --------------------------------------------------------

--
-- Структура таблицы `test`
--

CREATE TABLE IF NOT EXISTS `test` (
  `id` smallint(6) NOT NULL AUTO_INCREMENT,
  `kol` text NOT NULL,
  PRIMARY KEY (`id`)
) ENGINE=MyISAM AUTO_INCREMENT=146 DEFAULT CHARSET=utf8;

--
-- Дамп данных таблицы `test`
--

INSERT INTO `test` (`id`, `kol`) VALUES
(139, '2'),
(144, '2,5'),
(145, '2,6,10');

-- --------------------------------------------------------

--
-- Структура таблицы `tovary`
--

CREATE TABLE IF NOT EXISTS `tovary` (
  `id` smallint(6) NOT NULL AUTO_INCREMENT,
  `category` text NOT NULL,
  `nazv` varchar(255) NOT NULL,
  `cena` mediumint(9) NOT NULL,
  `cena_sale` mediumint(9) NOT NULL,
  `mini_opis` text NOT NULL,
  `opis` text NOT NULL,
  `sposob_prim` text NOT NULL,
  `spec` tinyint(4) NOT NULL,
  `photo` varchar(255) NOT NULL,
  `id_cat` tinyint(4) NOT NULL,
  `preference` text NOT NULL,
  `manuf` text NOT NULL,
  `mass` mediumint(9) NOT NULL,
  `sostav` text NOT NULL,
  `ingredients` text NOT NULL,
  `size` text NOT NULL,
  `color` text NOT NULL,
  `volume` text NOT NULL,
  `release_form` text NOT NULL,
  `product_availability` tinyint(4) NOT NULL,
  `unit` text NOT NULL,
  ` dose` text NOT NULL,
  `nazv_eng` text NOT NULL,
  `tovar_new` tinyint(4) NOT NULL,
  `tovar_day` tinyint(4) NOT NULL,
  `tovar_week` tinyint(4) NOT NULL,
  `special_offer` tinyint(4) NOT NULL,
  `product` text NOT NULL,
  `product_eng` text NOT NULL,
  `category_eng` text NOT NULL,
  PRIMARY KEY (`id`)
) ENGINE=InnoDB AUTO_INCREMENT=161 DEFAULT CHARSET=utf8;

--
-- Дамп данных таблицы `tovary`
--

INSERT INTO `tovary` (`id`, `category`, `nazv`, `cena`, `cena_sale`, `mini_opis`, `opis`, `sposob_prim`, `spec`, `photo`, `id_cat`, `preference`, `manuf`, `mass`, `sostav`, `ingredients`, `size`, `color`, `volume`, `release_form`, `product_availability`, `unit`, ` dose`, `nazv_eng`, `tovar_new`, `tovar_day`, `tovar_week`, `special_offer`, `product`, `product_eng`, `category_eng`) VALUES
(90, 'Протеин', 'True Mass', 2950, 2720, 'True Mass — это гейнер высочайшего качества, который поможет эффективно увеличить количество калорий, потребляемых ежедневно, максимизирует прирост чистой массы и снабдит мышцы необходимыми для роста аминокислотами. ', 'это гейнер высочайшего качества, который поможет эффективно увеличить количество калорий, потребляемых ежедневно, максимизирует прирост чистой массы и снабдит мышцы необходимыми для роста аминокислотами. True-Mass содержит идеальную формулу аминокислот, которыя гарантирует постоянный рост Ваших мышц. Кроме того, Tru-Mass имеет превосходный вкус, разработчики использовали специальную технологию Exclusive Advanced Flavor Technology. Специальная протеиновая смесь True-Mass состоит из ультрафильтрованного концентрата сывороточного протеина с большим содержанием альфа-лактальбумина, мицеллярных альфа и бета казеинов и казеинатов, микрофильтрованного изолята сывороточного протеина с большим содержанием пептидных фракций сывороточного изолята, казеината кальция и концентрата молочного протеина. Каждый из этих протеинов имеет абсолютно уникальный аминокислотный состав и биодоступность. Использование True-Mass в промежутках между приемами пищи или во время них гарантирует, что Ваши мышцы никогда не будут нуждаться в протеине (аминокислотах) и никогда не перестанут расти! ', 'добавить одну порцию (3 мерные ложки = 145 г) в 400 мл холодной воды, молока или Вашего любимого напитка. Принимайте в зависимости от своих индивидуальных потребностей в дополнительных калориях и качественном протеине. ', 1, '90.jpeg', 0, 'Выберите вкус,Шоколад,Ваниль,Клубника,Печенье-крем', 'BSN', 2600, 'Калории – 626, в т. ч. Калории от жиров – 140;\r\nВсего жиров – 15,5 г;\r\nХолестерин – 110 мг;\r\nНатрий – 260 мг;\r\nКалий – 410 мг;\r\nУглеводов – 75,5 г;\r\nПротеин – 46 г;\r\nВитамин А – 5000 МЕ;\r\nВитамин С – 60 мг;\r\nКальций – 250 мг;\r\nЖелезо – 18 мг;\r\nВитамин D – 400 МЕ;\r\nВитамин Е – 30 МЕ;\r\nТиамин – 1,5 мг;\r\nРибофлавин – 1,7 мг;\r\nНиацин – 20 мг;\r\nВитамин В6 – 2 мг;\r\nФолиевая кислота – 400 мкг;\r\nВитамин В12 – 6 мкг;\r\nБиотин – 300 мкг;\r\nПантотеновая кислота – 10 мг;\r\nФосфор – 180 мг;\r\nЙод – 150 мкг;\r\nЦинк – 15 мг;\r\nМедь – 2 мг;', 'протеиновая матрица ультра-премиум класса с эффектом медленного высвобождения (ультрафильтрованный концентрат сывороточного протеина с большим содержанием альфа-лактальбумина, микрофильтрованный изолят сывороточного протеина с большим содержанием сывороточных пептидных фракций, казеинат кальция, мицеллярные альфа и бета казеины и казеинаты, изолят молочного протеина, гидролизованный сывороточный протеин, яичный белок, глютаминовые пептиды и глютамин AKG, L-лейцин, L-изолейцин, L-валин), мальтодекстрин, какао-порошок, richmix sunflower powder (подсолнечное масло, сухое вещество кукурузного сиропа, казеинат натрия, моно- и диглицериды, дикалий фосфат), Litesse® II Polydextrose, натуральные и искусственные ароматизаторы, nutrisperse MCT powder (триглицериды со средней цепью, динатрий фосфат, диоксид кремния), витаминная и минеральная смесь (фосфат магния, аскорбиновая кислота, витамин Е ацетат, биотин, хрома хелат, ниацинамид, витамин А пальмитат, селена хелат, кальция пантотенат, цинка оксид, витамин К1, глюконат меди, витамин D3, сульфат марганца, пиридоксин HCl, тиамина мононитрат, рибофлавин, витамин В12, фолиевая кислота, иодид калия), Qualicel Cellulose Gum, Ticalose® Cellulose Gum, ксантановое гумми, гуаровая смола, Gum Acacia, ацесульфам калия, сукралоза, соевый лецитин, Aminogen®, папаин. ', '', '', '', 'Порошок', 1, 'гр', '', 'protein', 0, 1, 0, 0, 'Спортивное питание', 'sport-eat', 'protein'),
(91, 'Гейнер', 'True Mass 1200', 3900, 3490, 'True-Mass 1200 - это гейнер класса ультра-премиум, разработанный для лиц с повышенными требованиями к энергетической ценности питания, а также для лиц, испытывающих трудности в наборе и сохранении массы. ', 'True-Mass 1200 - это премиальный высококалорийный гейнер для набора большой массы, разработанный специально для лиц с высокой индивидуальной потребности в калориях. Т.е. если для поддержания уже имеющейся мышечной массы или набора дополнительных килограмм мускулатуры вы испробовали массу протеинов, но вам они не помогли, то вам нужен именно True-Mass 1200. Сочетание фирменной протеиновой смеси от BSN с уникальным комплексом сложных углеводов, состоящим главным образом из мелко растертого цельного овса, являющегося наиболее полезным источником высококалорийного питания, делает True-Mass 1200 идеальным помощником в наборе массы для хардгейнеров и лиц, нуждающихся в серьезной калорийной поддержке. Данный гейнер также обладает характерными для большинства продуктов от BSN высокими вкусовыми характеристиками, предлагая изумительный готовый молочный коктейль, который делает получение дополнительных калорий удовольствием, а не повседневной рутиной. ', 'Рекомендации по применению: Смешайте одну порцию (2 мерных совочка или 310 грамм порошка) с 500 мл воды или другого напитка на ваш выбор. С целью получения идеальной консистенции готового коктейля для приема вы можете варьировать количество смешиваемой жидкости. Принимайте от 1 до 3 порций в день, в зависимости от ваших индивидуальных потребностей в белке и калориях.', 1, '91.jpeg', 0, 'Выберите вкус,Шоколад,Ваниль', 'BSN', 4710, 'Калориийность - 1230 ккал\r\nЖиры - 16 г\r\nНасыщенные жиры - 5 г\r\nХолестерин - 150 мг\r\nУглеводы - 222 г\r\nКлетчатка - 16 г\r\nСахар - 16 г\r\nПротеин - 50 г\r\nКальций - 40%\r\nЖелезо - 50%\r\nНатрий - 530 мг', 'Ингредиенты: углеводная смесь (мальтодекстрин, цельнозерновой овсяный порошок), протеиновая смесь (концентрат сывороточного протеина, казеинат кальция, изолят молочного протеина, изолят сывороточного протеина, мицеллярный казеин, яичный альбумин, гидролизованный сывороточный протеин, пептиды глутамина), кремообразователь (подсолнечное масло, кукурузный сироп порошок, натррия казеинат, моно- и диглецириды, дикалия фосфат, трикальций фосфат, соевый лецитин, токоферолы), натуральные и искуственные ароматизаторы, полидекстроза, лецитин, камедей смесь (целлюлозная, ксантановая, гуаровая, гуммиарабик), СЦТ порошок (средне цепочечные триглецириды, нежирное сухое молоко, динатрий фосфат, диоксид кремния), ацесульфам калия, сукралоза. ', '', '', '', 'Порошок', 1, 'гр', '', 'geiner', 1, 0, 0, 0, 'Спортивное питание', 'sport-eat', 'geiner'),
(92, 'BCAA', 'BCAA 5000', 2300, 1900, 'ВСАА 5000 POWDER - аминокислоты с разветвленными боковыми цепочками. Каждая порция ВСАА 5000 содержит 5000 мг смеси трех аминокислот с разветвленными боковыми цепочками (L-Валин, L-Лейцин, L-Изолейцин). ', 'ВСАА 5000 POWDER - аминокислоты с разветвленными боковыми цепочками. Каждая порция ВСАА 5000 содержит 5000 мг смеси трех аминокислот с разветвленными боковыми цепочками (L-Валин, L-Лейцин, L-Изолейцин). Эти аминокислоты (БЦАА) названы так благодаря своей уникальной химической структуре, они являются незаменимыми и не могут синтезироваться из других компонентов. БЦАА оказывают сильный антикатаболический и анаболический эффект. ', 'Рекомендации по применению: размешайте 1 полную чайную ложку (5 г) порошка в вашем любимом напитке, принимайте 1-3 раза в день. ', 1, '92.jpeg', 0, 'Выберите вкус,Нейтральный', 'Optimum Nutrition', 336, 'L-Валин - 1250 мг\r\nL-Лейцин - 2500 мг\r\nL-Изолейцин - 1250 мг', 'Ингредиенты: углеводная смесь (мальтодекстрин, цельнозерновой овсяный порошок), протеиновая смесь (концентрат сывороточного протеина, казеинат кальция, изолят молочного протеина, изолят сывороточного протеина, мицеллярный казеин, яичный альбумин, гидролизованный сывороточный протеин, пептиды глутамина), кремообразователь (подсолнечное масло, кукурузный сироп порошок, натррия казеинат, моно- и диглецириды, дикалия фосфат, трикальций фосфат, соевый лецитин, токоферолы), натуральные и искуственные ароматизаторы, полидекстроза, лецитин, камедей смесь (целлюлозная, ксантановая, гуаровая, гуммиарабик), СЦТ порошок (средне цепочечные триглецириды, нежирное сухое молоко, динатрий фосфат, диоксид кремния), ацесульфам калия, сукралоза. ', '', '', '', 'Порошок', 1, 'гр', '', 'bcaa', 0, 1, 0, 0, 'Спортивное питание', 'sport-eat', 'bcaa'),
(93, 'Креатин', 'C4 Extreme', 2250, 1930, 'C4 Extreme - это предтренировочный энергетик C4 Extreme представляет собой комплекс ингредиентов.Бета-аланин, аргинин и энергетическая формула C4 Extreme образуют самый продвинутый предтренировочный комплекс своего класса. ', 'C4 Extreme - это предтренировочный энергетик представляет собой комплекс ингредиентов, в котором реализована беспрецедентная NO3-технология. Бета-аланин, аргинин и энергетическая формула C4 Extreme образуют самый продвинутый предтренировочный комплекс своего класса, способный зажечь потоком неиссякаемой энергии ваше сознание и мышцы как в тренировочный, так и в послетренировочный периоды. ', 'Рекомендации по применению: Перед началом применения C4 Extreme необходимо оценить персональную переносимость компонентов организмом. Примите одну порцию (1 мерная ложка C4 Extreme на 150-200мл воды) и убедитесь в отсутствии побочных эффектов от действия ингредиентов формулы. В тренировочные дни выпивайте за 20-30 минут до начала тренировки готовый энергетический напиток C4 Extreme, предварительно смешав 1 мерную ложку порошка с 150-200 мл воды. Во время самой тренировки рекомендуется пить достаточное количество воды. ', 1, '93.jpeg', 0, 'Выберите вкус,Ананас,Апельсин,Арбуз,Голубика,Зелёное яблоко,Клубника,Лимон-лайм,Лимонад,Персик-манго,Фруктовый пунш', 'Cellucor', 360, 'Витамин C – 250 мг (417%)\r\nНиацин – 30 мг (150%)\r\nФолиевая кислота – 250 мкг (62%)\r\nВитамин B12 – 35 мкг (588%)\r\nБета Аланин – 1500 мг\r\nКреатин нитрат – 1000 мг\r\nАргинин альфа кетоглутарат – 1000 мг\r\nСмесь взрывной энергии – 718 мг\r\n[Витамин C, N-ацетил-L-тирозин, Кофеин безводный 135 мг, Мукуна жгучая, Ниацинамид, Синефрин HCL, Фолиевая кислота, Пиридоксин фосфат, Витамин B12]', 'лимонная кислота, натуральные и искусственные ароматизаторы, диоксид кремния, сукралоза, краситель FD&C Red Lake No. 40, ацесульфам калия. ', '', '', '', 'Порошок', 1, 'гр', '', 'creatin', 1, 0, 0, 0, 'Спортивное питание', 'sport-eat', 'creatin'),
(94, 'Гейнер', 'CytoGainer', 6990, 0, 'Протеиновая основа CytoGainer состоит из таких источников белка, как сывороточный протеин и сывороточные пептиды высочайшего качества. Кроме того, данный гейнер на 98% очищен от лактозы. CytoGainer содержит мизерное количество жиров и сахара.', 'Данный гейнер обеспечивает ваш организм внушительным количеством белка и углеводов, необходимых для построения мышечной и общей массы тела. Но, при этом, CytoGainer содержит мизерное количество жиров и сахара.\r\n\r\nЕсли вы питаетесь, как все, не уделяя должного внимания потреблению качественной здоровой пищи, то в вашем рационе присутствует множество жиров и сахара, и вы, конечно же, не хотели бы дополнительно получать их из данного рода пищевых добавок. Протеиновая основа CytoGainer состоит из таких источников белка, как сывороточный протеин и сывороточные пептиды высочайшего качества. Кроме того, данный гейнер на 98% очищен от лактозы, благодаря чему приём CytoGainer не сопровождается неприятными ощущениями в пищеварении, часто присутствующими при потреблении низкосортных сывороточных протеинов с высоким содержанием лактозы.\r\n\r\nДля улучшения синтеза белка в организме состав CytoGainer дополнен предварительно обработанными сывороточными пептидами, богатыми глютамином. Данные сывороточные фракции, в сочетании с незаменимыми аминокислотами с разветвленной боковой цепочкой BCAA, присутствующими в CytoGainer, обеспечивают тот мышечный рост, которого мы так добиваемся.', 'Принимайте CytoGainer через 3-45 минут после завершения тренировочной сессии для предотвращения катаболизма и улучшения процессов, направленных на рост и восстановление мышечных тканей. Для приготовления коктейля смешайте 4 мерных ложки (150 грамм смеси) или 2 сожки (75 грамм) CytoGainer с 400 – 450 мл холодной воды.', 0, '94.jpeg', 0, 'Выберите вкус,Печенье-крем', 'CytoSport', 5440, 'Содержание питательных веществ в порции (4 мерных ложки 150 г):\r\n\r\nКалории: 550 ккал\r\n   в т.ч. Калории от жиров: 40 ккал\r\nЖиры: 4,5 г\r\n   в т.ч. Насыщенные жиры: 3 г \r\nХолестерин: 125 мг \r\nУглеводы: 49,3 г\r\n   в т.ч. Клетчатка: 2 г \r\n   в т.ч. Сахары: 9 г\r\nПротеин: 54 г\r\nКреатин: 3 г\r\nВитамин А: 40%\r\nВитамин С: 35%\r\nВитамин D: 35%\r\nВитамин Е: 40%\r\nТиамин: 35%\r\nРибофлавин: 40%\r\nНиацин: 40%\r\nВитамин В6: 35%\r\nФолиевая кислота: 40%\r\nВитамин В12: 35%\r\nБиотин: 35%\r\nПантотеновая кислота: 45%\r\nКальций: 60%\r\nЖелезо: 45%\r\nФосфор: 70%\r\nЙод: 60%\r\nМагний: 50%\r\nЦинк: 40%\r\nМедь: 35%\r\nХром: 90%\r\nНатрий: 380 мг\r\nКалий: 680 мг', 'Ингредиенты: мальтодекстрин, концентрат сывороточного протеина и/или концентрат молочного протеина, натуральные и искусственные ароматизаторы, сывороточные пептиды, креатин моногидрат, л-глутамин, витаминно-минеральная смесь, цитрат кали', '', '', '', 'Порошок', 1, 'гр', '', 'geiner', 0, 1, 0, 0, 'Спортивное питание', 'sport-eat', 'geiner'),
(95, 'Жиросжигатели', 'L-Carnitine Liquid', 840, 690, 'L-карнитин — аминокислота, которая стимулирует рост и физическое развитие, способствует жиросжиганию, увеличивает уровень энергии, улучшает сопротивляемость организма возникновению мышечной усталости. ', 'Dymatize Nutrition L-Carnitine Liquid - аминокислота, которая активно стимулирует рост и оптимальное физическое развитие человека, при этом способствует жиросжиганию, существенно увеличивает уровень энергии, заметно улучшает сопротивляемость человеческого организма возникновению общей мышечной усталости. Кроме того это превосходное средство во время диет, так как карнитин помогает существенно уменьшить чувство слабости и голода. ', 'Рекомендации по применению: необходимо встряхнуть непосредственно перед употреблением. Необходимо принимать 1–2 порции в течение дня. Кроме того можно добавлять dymatize nutrition l carnitine 1100 в соки или иные любимые напитки. ', 1, '95.jpeg', 0, 'Выберите объём,473 мл.', 'Dynamitize Nutrition', 473, 'Состав и кол-во питательных веществ в одной порции (1 столовая ложка - 15 мл.):\r\n\r\nВсего жиров – 0 г\r\nКалории – 12 ккал\r\nНатрий – 0 мг\r\nВитамин В5 (или же пантотеновая кислота) (из пантотената дикальция) – 10мг\r\nВсего углеводов – 4 г\r\nL-карнитин – 1,1 г', 'Ингредиенты: L-карнитин, чистая вода, лимонная кислота, искусственные и натуральные ароматизаторы, натуральная фруктоза, дикальций пантотенат, сорбат калия. ', '', '', '', 'Готовый напиток', 1, 'мл', '', 'fat-burner', 1, 0, 0, 0, 'Спортивное питание', 'sport-eat', 'fat-burner'),
(96, 'Батончики', '50% Full Protein Bar', 185, 150, '50% Full Protein Bar - этот протеиновый батончик содержит 50 % протеина (25г изолята и концентрата сывороточного протеина). Он идеален, как натуральный источник протеина, для восстановления и развития мышц. Не содержит лишнего жира. ', 'QNT 50% Full Protein Bar - Этот протеиновый батончик содержит 50 % протеина (25г изолята и концентрата сывороточного протеина). Он идеален, как натуральный источник протеина, для восстановления и развития мышц. Не содержит лишнего жира. Батончик обладает отличным вкусом и хорошо утоляет голод. ', 'Рекомендации по применению: Один или два батончика после тренировок, для восстановления или в любое время дня как полезный и вкусный перекус. ', 1, '96.jpeg', 0, 'Выберите вкус,Клубника,Шоколад-печенье', 'QNT', 50, 'Состав и кол-во питательных веществ в одной порции (1 шт - 50 г):\r\n\r\nКалории - 180 ккал\r\nПротеин - 24,9 г\r\nУглеводы - 13,4 г\r\nЖиры - 4,6 г', 'Протеин ( изолят молочного протеина, концентрированный изолят белка молочной сыворотки), желатин, шоколадная глазурь 14% (сахар, растительный жир, сывороточный порошок, облегченный порошок какао, мука пшеничная, антиоксидант E322, эмульгатор E476, ароматизатор), стабилизатор E422, сироп полидэкстрозы, подсластители E965 & E955, порошок какао легкий, ароматизатор, растительный жир, антиоксидант E306. Содержит сахар и подсластитель.', '', '', '', 'Батончик', 1, 'шт', '', 'candy-bar', 0, 0, 1, 0, 'Спортивное питание', 'sport-eat', 'candy-bar'),
(97, 'Витамины', 'Multi Maxx', 450, 400, 'Multi Max от PVL Essensials - это витаминно-минеральный комплекс только из натуральных компонентов. Отлично подойдет начинающему спортсмену. ', 'Multi Maxx - это удобная витаминно-минеральная смесь, принимаемая один раз в день. Мощные таблетки обеспечивают 16 необходимых питательных веществ, в том числе мощный 100% RDI B-комплекс витаминов и 100% RDI Витамин С. Включает в себя медь, кальций, магний, витамин D и другие необходимые питательные вещества. ', 'Рекомендации по применению: 1 капсула в день после еды. ', 1, '97.jpeg', 0, 'Выберите вкус,Нейтральный', 'PVL', 60, 'Состав и кол-во питательных веществ в одной порции (1 таблетка):\r\n\r\nВитамин А (витамин А пальмитат) 1510,989 мкг RAE (эквиваленты активности ретинола) (5000 МЕ)\r\nВитамин D (витамин D3, холекальциферол) 10 мкг (400 МЕ)\r\nТиамин (витамин В1, тиамин мононитрат) 1,5 мг\r\nРибофлавин (витамин В2) 1,7 мг\r\nНиацинамид (витамин В3) 20 мг\r\nПантотеновая кислота (кальций D-пантотенат) 10 мг\r\nВитамин В6 (пиридоксина гидрохлорид) 2 мг\r\nФолиевая кислота (фолиевая кислота) 0,1 мг\r\nВитамин В12 (цианокобаламин) 6 мг\r\nВитамин С (аскорбиновая кислота) 60 мг\r\nВитамин Е (D-альфа-токоферола сукцинат кислота) 6,7 мг AT (альфа-токоферол) (10 МЕ)г\r\nКальций (фосфат кальция двузамещенный) 160 мг\r\nМагний (оксид магния) 100 мг\r\nФосфор (кальция фосфат двузамещенный) 125 мг\r\nМедь (Copper HVP * хелатные) 2 мг\r\nЖелезо (железа фумарат) 5 мг', 'Ингредиенты: микрокристаллическая целлюлоза, стеарат магния; кроскармеллоза натрия, желатин, сахароза, кукурузный крахмал, соевое масло, альфа-токоферол, а также раствор оболочки, содержащий натрия карбоксиметилцеллюлозу, декстрин, декстрозы моногидрат, лецитин, цитрат натрия и воду. ', '', '', '', 'Капсулы', 1, 'гр', '', 'vitamin', 0, 1, 0, 0, 'Спортивное питание', 'sport-eat', 'vitamin'),
(98, 'Штаны для зала', '№ 89 Mesh Pant, Black', 3500, 0, '', 'Тренировочные брюки в сетку GASP №89 Mesh Pant изготовлены специально для атлетов, которые преодолевают тяжелые тренировки, а также для людей, которые предпочитают легкость и комфорт в повседневной жизни.\r\n\r\nКонтрастные швы по бокам, яркие логотипы на передних и задних частях брючин создают оригинальность модели. Удобная дышащая сетка, передние карманы на молнии, талия регулируется шнурком. ', '', 0, '98.jpeg', 0, 'Выберите размер,M,L,XL', 'GASP', 0, '100% полиэстер', '', '', '', '', '', 1, 'шт', '', 'leggings', 1, 0, 0, 0, 'Одежда', 'clothes', 'leggings'),
(99, 'Футболки', 'Rough Basic Tee, Black', 3400, 2700, '', '', '', 1, '99.jpeg', 0, 'Выберите размер,S,M,L,XL,XXL', 'GASP', 0, '100% хлопок', '', '', '', '', '', 1, 'шт', '', 'tee-shirt', 0, 1, 0, 0, 'Одежда', 'clothes', 'tee-shirt'),
(100, 'Шорты', '№1 Mesh Shorts, Black', 3200, 0, 'Шорты GASP со специальной \"легкой\" сеткой. Теперь нет необходимости подрезать брюки-сетку, мы сделали это за вас! Логотип GASP по бокам, 2 передних кармана. Подходят как для тренажерного зала, так и для улицы! ', 'Шорты GASP со специальной \"легкой\" сеткой. Теперь нет необходимости подрезать брюки-сетку, мы сделали это за вас! Логотип GASP по бокам, 2 передних кармана. Подходят как для тренажерного зала, так и для улицы!', '', 0, '100.jpeg', 0, 'Выберите размер,S,M,L,XL,XXL', 'GASP', 0, 'Состав: 100% полиэстер', '', '', '', '', '', 1, 'шт', '', 'short', 0, 1, 0, 0, 'Одежда', 'clothes', 'short'),
(101, 'Майки и безрукавки', 'Ribbed T-Back, Grey', 2500, 0, '', '', '', 0, '101.jpeg', 0, 'Выберите размер,S,M,L,XL,XXL', 'GASP', 0, '28% хлопок, 67% полиэстер, 5% эластан', '', '', '', '', '', 1, 'шт', '', 'jackets', 0, 0, 0, 0, 'Одежда', 'clothes', 'jackets'),
(102, 'Бандажи', 'Суппорт Коленный', 1155, 0, '', '', '', 0, '102.jpeg', 0, 'Выберите размер,S,M,L,XL,XXL', 'Mad Max', 0, 'Состав: 80 % неопрен; 20% найлон', '', '', '', '', '', 1, 'шт', '', 'bandage', 0, 0, 0, 0, 'Экипировка', 'equipments', 'bandage'),
(103, 'Бинты', 'Бинты Кистевые 50см', 850, 0, '', 'БИНТЫ СРЕДНЕЙ ЖЕСТКОСТИ\r\nРазмеры: ШИРИНА - 8 см; ДЛИНА - 50 см.', '', 0, '103.jpeg', 0, 'Выберите длину,50см', 'GASP ', 0, '', '', '', '', '', '', 1, 'шт', '', 'bint', 0, 0, 0, 0, 'Экипировка', 'equipments', 'bint'),
(104, 'Тяги и крюки', 'Dowel Lifting Straps', 750, 0, 'Dowel Lifting Straps ремни для рук с концевой вставкой, лямки изготовлены из полиакрила с неопреновой обивкой', 'Dowel Lifting Straps ремни для рук с концевой вставкой, лямки изготовлены из полиакрила с неопреновой обивкой.', '', 0, '104.jpeg', 0, 'Выберите размер,Безразмерный', 'Schiek', 0, '', '', '', '', '', '', 1, 'шт', '', 'traction', 1, 0, 0, 0, 'Экипировка', 'equipments', 'traction'),
(105, 'Перчатки мужские', 'Extreme MFG-568', 1100, 990, 'Область между пальцами и ладонью сделана из прочной и эластичной ликры. «ОБМОТКИ» изготовлены из прочной хлопчатобумажной ткани.', 'Данная модель является без преувеличения настоящим шедевром. Изготовлены из высококачественной натуральной кожи, в матовом исполнении. Кожа на внутренней стороне оснащена специальным ламинарным слоем, чтобы предотвратить окраску рук во время тренировки. В области тыльной стороны ладони и пальцев, которые во время тренировки наиболее деформируются, кожа обшита мелкой ликрой, которая защищает кожу от деформации. Область между пальцами и ладонью сделана из прочной и эластичной ликры. «ОБМОТКИ» изготовлены из прочной хлопчатобумажной ткани. На конце «обмоток» застёжка-«липучка». В области ладони использована специальная износоустойчивая кожа. Область ладони дополнительно обшита специальным пеноматериалом, разделенным на отдельные сегменты. Этот материал обеспечивает хороший обхват, сегментное подразделение предотвращает скатывание кожи в область ладони. ', '', 1, '105.jpeg', 0, 'Выберите размер,M,L,XL,XXL', 'Mad Max', 0, 'Состав: 65% натуральная кoжa, 35% пoлиэфир', '', '', '', '', '', 1, 'шт', '', 'gloves-m', 0, 0, 0, 0, 'Экипировка', 'equipments', 'gloves-m'),
(106, 'Перчатки женские', 'New Age MFG-720', 1750, 0, '', '', '', 0, '106.jpeg', 0, 'Выберите размер,S,M', 'Mad Max', 0, 'Состав: перчатки - 55% натуральная кожа, 45% полиэфир; напульсник - 100% хлопок', '', '', '', '', '', 1, 'шт', '', 'gloves-w', 0, 0, 0, 0, 'Экипировка', 'equipments', 'gloves-w'),
(107, 'Ремни и пояса', 'Basic Gym Belt, Red', 1750, 0, 'Анатомической формы пояс из неопрена с удобной спинкой! Расширенный спереди для дополнительной брюшной поддержки, 5,5\" (14см) ширина спинки, ремень с сильной липучкой.', 'Анатомической формы пояс из неопрена с удобной спинкой! Расширенный спереди для дополнительной брюшной поддержки, 5,5\" (14см) ширина спинки, ремень с сильной липучкой.', '', 0, '107.jpeg', 0, 'Выберите размер,L', 'Better Bodies', 0, '60% ПВХ, 40% нейлон, подкладка 100% полиэстер.', '', '', '', '', '', 1, 'шт', '', 'belt', 0, 0, 0, 0, 'Экипировка', 'equipments', 'belt'),
(108, 'Хваты', 'Palm Grip Pads', 720, 0, 'Укрепите хват, при взятии снаряда с помощью Palm Grip Pads', 'Укрепите хват, при взятии снаряда с помощью Palm Grip Pads', '', 0, '108.jpeg', 0, 'Выберите размер,Безразмерный', 'Gorilla Wear', 0, '', '', '', '', '', '', 1, 'шт', '', 'grip', 0, 1, 0, 0, 'Экипировка', 'equipments', 'grip'),
(109, 'Контейнеры', 'Контейнер для капсул и таблеток', 60, 0, 'Удобный контейнер для таблеток.', 'Контейнер для таблеток и капсул с пятью секциями. Позволит избежать неудобств при транспортировке.', '', 0, '109.jpeg', 0, 'Выберите цвет,Синий,Чёрный,Жёлтый', 'VP Lab', 0, '', '', '', '', '', '', 1, 'шт', '', 'container', 0, 0, 0, 0, 'Разное', 'other', 'container'),
(110, 'Стаканы', 'Стакан 500 мл', 595, 0, 'Стеклянный стакан с надписью Weider, объемом 500 мл. ', 'Стеклянный стакан с надписью Weider, объемом 500 мл. ', '', 0, '110.jpeg', 0, 'Выберите объём,500мл.', 'Weider', 0, '', '', '', '', '', '', 1, 'мл', '', 'cup', 0, 0, 0, 0, 'Разное', 'other', 'cup'),
(111, 'Сумки', 'Сумка Innovator 500', 8100, 7500, 'Сумка Innovator 500 специально разработана для спортсменов и людей ведущих здоровый образ жизни. ', 'Сумка Innovator 500специально разработана для спортсменов и людей ведущих здоровый образ жизни.\r\n\r\n    5 удобных контейнеров в каждой своей ячейки;\r\n    1 таблетница в отдельной секции;\r\n    2 гель-пакета охлаждают до 8 часов;\r\n    Эргономичный плечевой ремень;\r\n    Плотные, легкие стенки сумки, защищающие её содержимое;\r\n    Вся фурнитура высокого качества.\r\n', '', 1, '111.jpeg', 0, '', '6 Pack Fitness', 0, '', '', '', '', '', '', 1, 'шт', '', 'bag', 0, 0, 0, 1, 'Разное', 'other', 'bag'),
(112, 'Шейкеры', 'Шейкер BLACK', 320, 0, 'Конец переживаниям, что коктейль может пролиться в сумке!', 'Новый шейкер от Weider с закручивающейся крышкой. Более того, закручивается на винтовую резьбу и питьевое отверстие. Конец переживаниям, что коктейль может пролиться в сумке.', '', 0, '112.jpeg', 0, 'Выберите цвет,Чёрный', 'Weider', 0, '', '', '', '', '', '', 1, 'шт', '', 'shakes', 0, 0, 0, 1, 'Разное', 'other', 'shakes'),
(113, 'Крема,гели,спреи', 'Спрей для ног от гипергидроза \"42\"', 195, 0, 'Уменьшает потоотделение благодаря экстракту лимона; - Улучшает состояние кожи в целом; - Придаёт ощущение свежести и лёгкости.', '- Уменьшает потоотделение благодаря экстракту лимона;\r\n- Улучшает состояние кожи в целом;\r\n- Придаёт ощущение свежести и лёгкости.', 'Перед применением хорошо встряхнуть флакон и нанести небольшое количество спрея на предварительно очищенную кожу стоп, распыляя с расстояния 10-15 см, равномерно распределить массирующими движениями до полного впитывания. Применять 1-2 раза в день.\r\n\r\nПротивопоказано наносить спрей на открытые раневые поверхности.\r\n\r\nИзбегать попадания в глаза. В случае возникновения аллергических реакций прекратить применение и проконсультироваться с врачом.', 0, '113.jpeg', 0, 'Выберите объём,150мл.', 'ЕвроФармСпорт', 0, 'водные экстракты: дуба 72%, лимона 2%, ивы 2%, каштана конского 2%, подорожника 2%, шиповника 2%, эвкалипта 2%, пропиленгликолевые экстракты: полыни 2%, прополиса 2%, цетеарет-20, глицерилстеарат, цетеарет-12, цетеариловый спирт, цетилпальмитат, глицерин, циклометикон, ПЭГ-40 гидрогенизированное касторовое масло, ментол, аммоний акрилоил диметилтаурат/VP кополимер, пропиленгликоль, витамины: Е, А, эфирные масла: чайного дерева, лаванды, розмарина, эвкалипта, динатриевая соль ЭДТА, метилпарабен, пропилпарабен, диазолидинилмочевина, метилхлоризотиазолинон, метилизотиазолинон.', '', '', '', '', '', 1, 'мл', '', 'gel', 0, 0, 0, 1, 'Разное', 'other', 'gel'),
(114, 'Бутылки', 'Нержавеющая сталь', 350, 0, 'Бутылка для воды и спортивных напитков из нержавеющей стали. ', 'Бутылка для воды и спортивных напитков из нержавеющей стали. ', '', 0, '114.jpeg', 0, 'Выберите объём,700мл.', 'VP Lab', 0, '', '', '', '', '', '', 1, 'мл', '', 'bottle', 0, 0, 0, 1, 'Разное', 'other', 'bottle'),
(121, 'Кепки и шапки', 'Flexfit Trucker', 1565, 0, '', 'Cтруктуированная, низкий профиль. Строчка из 8 рядов. Жесткая бортовка поддерживает переднюю сторону. Полиэстеровая (спандекс) сетка на боковой и задней сторонах. Сохраняет форму.', '', 0, '121.jpeg', 0, 'Выберите размер,Безразмерный', 'Ronnie Coleman', 0, '55% полиэстер, 43% хлопок, 2% спандекс. ', '', 'Без размера', '', '', '', 1, 'шт', '', 'cap', 0, 0, 0, 0, 'Одежда', 'clothes', 'cap'),
(122, 'Гейнер', 'Elite Mega Gainer', 2790, 2500, 'Elite Mega Gainer содержит идеальное соотношение незаменимых, условно незаменимых и заменимых аминокислот с комбинацией сложных и простых углеводов для незамедлительнго и постоянного энергоснабжения мышц. ', 'Elite Mega Gainer содержит идеальное соотношение незаменимых, условно незаменимых и заменимых аминокислот с комбинацией сложных и простых углеводов для незамедлительнго и постоянного энергоснабжения мышц. Elite Mega Gainer также имеет высокий уровень аминокислот с разветвленной цепью (BCAA): L-лейцин, L-изолейцин и L-валин, которые способствуют сохранению и росту мышц. Научно выверенная и проверенная формула Elite Mega Gainer - это вкусный способ для достижения ваших целей в тренировках.\r\n\r\nDymatize  Elite Mega Gainer – уникальная формула, дающая организму весь важный рацион аминокислот в свободной форме, сюда включены как простые, так и сложные углеводы. В процессе производства гейнер обогащается энзимами на лабораторном уровне, это способствует улучшению и нормализации пищеварения, а полезные питательные компоненты усваиваются быстрее. Протеин, перед тем как попасть в состав гейнера, обрабатывается с помощью передовой технологии поперечного потока и микрофильтрации. Кроме того, белку свойственна характеристика минимального уровеня лактозы.', '3 полных мерных ложки смешать с 300 мл обезжиренного молока. В день употребляйте 1-2 порции, из расчета 1,5-2 грамма чистого протеина на 1 килограмм тела в сутки, предпочтительно после тренировки или за 2 часа до тренировки, либо придерживайтесь программы, указанной Вашим дипломированным тренером.', 1, '122.jpeg', 0, 'Выберите вкус,Шоколад,Ваниль,Клубника', 'Dymatize Nutrition', 2800, 'Калории от жиров 80;\r\nВсего жиров 9 г 14%; \r\n    Насыщенные жиры 1,5 г 8%; \r\n    Трансжиры 2 г; \r\n    Холестерин 110 мг 37%; \r\nВсего углеводов 93 г 31%; \r\n    Диетические волокна 3 г 11%; \r\n    Сахар 26 г;\r\nБелки 30 г 60%; \r\nВитамин D; \r\nКальций 282 мг 28%; \r\nНатрий 340 мг 14%; \r\nКалий 870 мг 25%; ', 'Ингредиенты: Мальтодекстрин, Meгa-Whey3 Матрица, (концентрат сывороточного протеина, изолят сывороточного протеина, гидролизат сывороточного протеина), фруктоза, какао, обработанное щелочью), соевое масло, натуральные и искусственные ароматизаторы, диоксид кремния, калия хлорид, соль, сукралоза.', '', '', '', 'Порошок', 1, 'гр', '', 'geiner', 0, 0, 0, 1, 'Спортивное питание', 'sport-eat', 'geiner'),
(123, 'Жиросжигатели', 'Body System L-carnitin 3000', 1245, 1150, 'L-карнитин – жидкая пищевая добавка, эффективное средство для уменьшения объема жировой ткани тела, для увеличения выносливости во время тренировок, для активизации процессов обмена.', 'L-карнитин – жидкая пищевая добавка, эффективное средство для уменьшения объема жировой ткани тела, для увеличения выносливости во время тренировок, для активизации процессов обмена.\r\n\r\nАмпулы с Л-карнитином – диетический продукт для употребления при мышечных нагрузках, предназначенный для спортсменов и желающих похудеть любителей активного образа жизни.\r\n\r\nL-карнитин является витаминоподобным веществом, аналогичным синтезируемому печенью и почками человека. В организме карнитин осуществляет функцию транспортировки жирных кислот через клеточные мембраны и использования их в качестве источника энергии тела. Иными словами Л-карнитин является мощным, но полностью безопасным утилизатором жира клеток тела, трансформируя его непосредственно в энергию. Чем больше L-карнитина содержится в организме, тем большие объемы жиров тела могут быть вовлечены в обменные процессы и утилизированы в процессе физических нагрузок. При этом вырабатывается дополнительная энергия, позволяющая делать тренировку более интенсивной.\r\n\r\nТакже, в спортивной практике карнитин зарекомендовал себя как натуральное не допинговое средство с анаболическим эффектом. Кроме того, L-карнитин значительно стимулирует деятельность иммунной системы, препятствует появлению тромбозов и инфаркта миокарда. Обладает приятным естественным вкусом.', 'За 30 минут до тренировки выпейте одну ампулу, либо придерживайтесь программы, указанной Вашим дипломированным тренером.', 1, '123.jpeg', 0, 'Выберите вкус,Цитрус', 'Active Waters', 20, 'Размер порции 25 мл:\r\n\r\nЭнергетическая ценность на 25 мл:\r\n\r\nккал 9;\r\nпротеин 0.1;\r\nуглеводы 1;\r\nжиры 0.1;\r\nL-карнитин 3000 мг;\r\nВитамин С 120 мг;', '', '', '', '', 'Готовый напиток', 1, 'мл', '', 'fat-burner', 0, 0, 0, 1, 'Спортивное питание', 'sport-eat', 'fat-burner'),
(124, 'Гейнер', 'Mass Tech Performance Series', 4325, 4000, 'В каждой порции Mass Tech Performance содержит 80 грамм белка и 1170 калорий при смешивании с 500 мл обезжиренного молока. Что еще нужно для бурного анаболизма?', 'Новый Mass Tech Performance является прорывным гейнером, который подойдет любому человеку, который хочет набрать мышечную массу. В каждой порции Mass Tech Performance содержит 80 грамм белка и 1170 калорий при смешивании с 500 мл обезжиренного молока. Что еще нужно для бурного анаболизма?\r\n\r\nНо MuscleTech пошли дальше – в отличии от других производителей, которые добавляют в гейнеры креатин в ничтожных количествах, Mass Tech Performance даст Вам 10 г самого проверенного креатина с каждой порцией!\r\n\r\nХорошая новость заключается еще и в том, что продукт выпускается теперь в большой упаковке. Каждый килограмм этого гейнера становится более доступным по цене!', 'Размешайте 255 г (5 мерных ложек) в 500 мл воды или нежирного молока. Можно принимать за 1 час до тренировки, после тренировки и между приемами пищи. Можно принимать по половине порции.', 1, '124.jpeg', 0, 'Выберите вкус,Шоколад,Ваниль,Клубника,Шоколад-арахис', 'MuscleTech', 3200, 'Калорийность	1000 ккал;\r\nв т.ч. Калории из жиров	80 ккал;\r\nПротеины	63 г;\r\nУглеводы	168 г;\r\nв т.ч. Клетчатка	1 г;\r\nв т.ч. Сахары	8 г;', 'Ингредиенты: мультифазный углеводный комплекс (полимеры глюкозы, изомальтулоза, овсяные отруби, амарант, лебеда, гречиха, просо, чиа), мультифазная система протеинов (концентрат сывороточного протеина, казеинат кальция, яичный альбумин, изолят сывороточного протеина, гидролизованный изолят сывороточного протеина) смесь омега жиров ([подсолнечное масло, кукурузная патока, казеинат натрия, моно-и диглицериды, дикалия, трикальцийфосфат, соевый лецитин, токоферол (в качестве консерванта)], триглицериды со средней цепью), натуральные и искусственные ароматизаторы, целлюлозная камедь, соевый лецитин, ацесульфам калия, соль, сукралоза, L-глютамин, L-изолейцин, L-валин.', '', '', '', 'Порошок', 1, 'гр', '', 'geiner', 0, 0, 1, 0, 'Спортивное питание', 'sport-eat', 'geiner'),
(132, 'Протеин', 'Pro Gainer', 5520, 4000, '!!!!!!!!!55 г протеина на порцию, сложные углеводы, пищеварительные энзимы и не только!', 'Новый продукт для набора \"чистой массы\" без жира. В отличие от типичных продуктов для набора массы, в Pro Complex Gainer значительно больший процент калорий поступает от белка. Соотношение белка к углеводам в одной порции 55 г. / 85 г. Основным источником белка в Pro Complex Gainer является сывороточный изолят, самый чистый и дорогой из всех видов белка. Уникальное сочетание трех видов белка, с наибольшей биологической активностью - сывороточного, яичного и казеина дают быстрое, среднее и медленное усвоение, что позволяет достичь максимальных результатов.\r\nPro Complex Gainer обладает набором из 25 витаминов и минералов и пищеварительных ферментов.\r\nВ отличие от классических гейнеров, когда для потребления одной порции бывает необходимо выпить литр жидкости в один прием, после которой желудок кажется переполненным и трудно съесть что-нибудь еще, Pro Complex Gainer не оставляет чувства тяжести в желудке, ощущения от его приема больше похоже на потребление протеина.\r\nИз 620 калорий в порции, менее 4% из сахара, что также не типично для гейнера.\r\nЕще одно преимущество Pro Complex Gainer - для разведения достаточно даже просто чашки и ложки.', 'В перерывах между приемами пищи: по 1-2 порции, для поддержания азотного баланса и высококалорийной диеты.\r\nПосле тренировки: 1 порцию через 30-60 минут после тренировки для лучшего восстановления.\r\nПеред сном: 1 порцию за 45-60 минут до сна для усвоения и восстановления в течение ночи.', 1, '132.jpeg', 0, 'Выберите вкус,Шоколад,Ваниль,Банан', 'Optimum Nutrition', 4540, 'Калории 650 ккал;\r\nиз жира 70 ккал;\r\nЖиры 8 г;\r\nнасыщенные 3,5 г;\r\nтранс-жиры 0 г;\r\nХолестерин 60 мг;\r\nУглеводы 85 г;\r\nПротеин 60 г;\r\nНатрий 360 мг;', 'мальтодекстрин, протеиновая смесь (изолят сывороточного протеина, концентрат сывороточного протеина, казеинат кальция, яичный белок, гидролизованные сывороточные пептиды, глютаминовые пептиды), липидная смесь (триглицериды со средней цепью, подсолнечное масло, с высоким содержанием олеинового масла), частично гидролизованная гуаровая смола, натуральные и искусственные ароматизаторы, витаминно-минеральная смесь (мальтодекстрин, витамин А пальмитат, бета каротин, аскорбиновая кислота, ди-альфа токоферил ацетат, тиамин гидрохлорид, рибофлавин, ниацинамид, пиридоксин гидрохлорид, фолиевая кислота, цианокобаламин, биотин, ди-кальций пантотенат, кальций карбонат, трикальций фосфат, димагний фосфат, железа ортофосфат, калия йодид, цинка оксид, селенометионин, меди оксид, марганца сульфат, хрома полиникотинат, молибден аминокислота хелат, бор аминокислота хелат), лецитин, соль, сукралоза, ацесульфам калия.', '', '', '', 'Порошок', 1, 'гр', '', 'protein', 0, 0, 0, 0, 'Спортивное питание', 'sport-eat', 'protein'),
(133, 'Батончики', 'Biobar', 150, 130, 'VP Biobar – органический батончик с восхитительным вкусом, обогащенный клетчаткой и полезными растительными жирами. В состав входят исключительно натуральные компоненты, не содержащие ГМО.', 'VP Biobar– органический батончик с восхитительным вкусом, обогащенный клетчаткой и полезными растительными жирами. В состав входят исключительно натуральные компоненты, не содержащие ГМО.\r\n\r\nИнгредиенты батончика специально подобраны так, чтобы максимально увеличить пользу для здоровья и улучшить вкусовые ощущения. Главная особенность VP Biobar- это не пустые калории классических сладких батончиков, продающихся в любом супермаркете, а насыщенный, питательный и полезный продукт!\r\n\r\nОрганические батончики VP Biobar – это полезные сладости, которые пригодятся всем, кто ведет здоровый образ жизни и заботится о своей фигуре!', 'Употребляйте по потребности. ', 1, '133.jpeg', 0, 'Выберите вкус,Орех-семечки', 'VP Lab', 45, 'Калорийность 235 ккал;\r\nБелки 3,4 г;\r\nУглеводы 26,3 г;\r\n  в.т.ч сахар 15,9 г;\r\nЖиры 9,2 г;\r\n  в.т.ч насыщенные жиры 3,7 г;\r\nКлетчатка 2,1 г;\r\nНатрий 0,05 г;', 'натуральный молочный шоколад (органический сахар, порошок из цельного органического молока, масло какао, какао-масса, эмульгатор (соевый лецитин), натуральный ароматизатор), миндаль, крахмальная патока, овсяные хлопья, клюква подслащенная (органическая клюква, органический тростниковый сахар, органический кленовый сироп), изюм, рисовые хлопья(органическая рисовая мука, органический сахар, органический ячменный солод, органический пшеничный глютен, соль, эмульгатор(соевый лецитин)), сироп агавы, кокос, мед, пальмовое масло, тростниковый сахар, эмульгатор(соевый лецитин).', '', '', '', 'Батончик', 1, '', '', 'candy-bar', 0, 0, 1, 0, 'Спортивное питание', 'sport-eat', 'candy-bar'),
(134, 'Аминокислоты', 'Anabolic Amino 5500', 2500, 2395, 'Anabolic Amino 5500 содержит комплекс пептидов и свободных форм аминокислот, которые необходимы для синтеза белка при построении мышечных тканей.', 'Пищевая добавка с витамином В6, пептидами и свободными формами аминокислот в жесткой желатиновой капсуле. Anabolic Amino 5500 содержит комплекс пептидов и свободных форм аминокислот, которые необходимы для синтеза белка при построении мышечных тканей. Этот продукт, по сравнению с обычным аминокислотным профилем человека, содержит большее количество аминокислот с разветвленными боковыми цепочками (L-лейцин, L-валин, L-изолейцин) и таурин. Аминокислоты с разветвленными боковыми цепочками составляют примерно 35% сухой массы мышечной ткани. Поэтому их постоянное поступление в организм чрезвычайно важно для поддержания положительного азотного баланса. Витамин В6 необходим для метаболических процессов преобразования белков, жиров и углеводов. Этот продукт предназначен для спортсменов, наращивающих мышечные объемы и развивающих силовые показатели.', 'Принимайте по 1 порции (6 капсул) по 2-3 раза в день. Перед тренировкой и после нее.', 1, '134.jpeg', 0, 'Выберите вкус,Нейтральный', 'Olimp', 400, 'L-аланин	234 мг;\r\nL-аргинин	132 мг;\r\nL-аспарагиновая кислота	480 мг;\r\nL-цистеин	138 мг;\r\nL-глютаминовая кислота	690 мг;\r\nL-глицин	84 мг;', 'сывороточный гидролизат протеина 83%, аминокислоты с разветвленной цепью 14% (Л-Лейцин, Л-Валин, Л-Изолейцин), таурин 2,5%, витамин B6 0,02%, наполнитель – микрокристаллическая целлюлоза; антислеживатель – магния стеарат, капсула – желатин.', '', '', '', 'Капсулы', 1, '', '', 'amino', 0, 0, 0, 0, 'Спортивное питание', 'sport-eat', 'amino'),
(138, 'Креатин', 'Kre-Alkalyn Creatin Concentrate', 2500, 2325, 'Kre-Alkalyn® это особая форма креатина, уровень pH которой был отрегулирован и равен 12 (щелочной), благодаря чему креатин не разрушается при всасывании в организме. Чем выше уровень pH, тем большее количество креатина может потребляться организмом.', 'Kre-Alkalyn это особая форма креатина с уровнем щелочной реакции pH равным 12. Таким образом, попадая в кислотную среду в желудке, креатин не разрушается и успевает всосаться в кровь. Чем выше уровень pH, тем большее количество креатина может потребляться организмом. Фактически, одна капсула Kre-Alkalyn эквивалентна 7,5 граммам моногидрата креатина!\r\n\r\nБлагодаря повышенной биодоступности Kre-Alkalyn существенно повышает запасы АТФ в мышцах, обеспечивая тем самым рост, силу и быстрое восстановление мышц при меньшей дозировке по сравнению с формой моногидрата. Kre-Alkalyn также не требует фазы загрузки. За счет этого вы экономите свои деньги и время. Креатин начнет работать сразу после приема вовнутрь. Более того, высокий уровень pH устраняет дискомфорт в желудке, на который часто жаловались атлеты, принимавшие моногидрат креатина.\r\n\r\nСпортсменам, не получавшим ощутимого эффекта от приема креатина в форме моногидрата, обязательно стоит попробовать Kre-Alkalyn, который отличается повышенной биодоступностью. Но даже тем, кто употреблял обычный креатин, не испытывал вздутие или расстройство желудка, и чувствовал его работу, мы рекомендуем перейти на эту форму креатина. Ведь вместо 5-10 грамм моногидрата вам понадобится принимать всего по 1-2 капсуле креалкалайна!', 'В качестве дополнительного источника креатина принимайте Labrada Kre-Alkalyn по 1-2 капсулы в день, обильно запивая стаканом воды и преимущественно на пустой желудок. Для достижения лучших результатов от приема Kre-Alkalyn рекомендуется в день выпивать не менее 1,5 литров воды.', 1, '138.jpeg', 0, 'Выберите вкус,Нейтральный', 'Labrada Nutrition', 240, 'Kre-Alkalyn® (буфферезированный моногидрат креатина) 1500.00мг;', '', '', '', '', 'Капсулы', 1, 'капсул', '', 'creatin', 0, 0, 0, 1, 'Спортивное питание', 'sport-eat', 'creatin'),
(139, 'Аминокислоты', 'BCAA 6000', 1710, 1560, 'BCAA 6000 – аминокислоты, которые являются чуть ли не самым основным источником энергии, участвующим в анаболических реакциях, а также неотъемлемой частью процесса высвобождения инсулина, стимулирующего синтез и предотвращающего расщепление белка.', 'Gaspari Nutrition BCAA 6000 – это аминокислоты с разветвленными боковыми цепочками, которые являются чуть ли не самым основным источником энергии, участвующим в анаболических реакциях, а также неотъемлемой частью процесса высвобождения инсулина, стимулирующего синтез и предотвращающего расщепление белка.\r\n\r\n\r\nАминокислоты с разветвленными боковыми цепочками (BCAA) получили свое название из-за их уникальной молекулярной структуры отличающейся от других аминокислот. BCAA являются \"незаменимых аминокислотами\", так как организм не может синтезировать их из других соединений, они могут быть получены только из вне.\r\n\r\nБодибилдерам и другим спортсменам известно, что BCAA являются ответственными за увеличение синтеза белка, который приводит к более быстрому восстановлению, увеличению производительности и выносливости, более быстрому росту мышечной массы.', 'Максимальную порцию (6 таблеток) до тренировки, после тренировки или перед сном. Итого 18 таблеток в день.', 1, '139.jpeg', 0, 'Выберите вкус,Нейтральный', 'Gaspari Nutrition', 180, 'L-лейцин – 4000 мг;\r\nL-изолейцин – 1000 мг;\r\nL-валин – 1000 мг;\r\nВитамин B6 - 4мг;\r\nВитамин B12 - 100мкг;', 'Желатин, Стеарат Магния.', '', '', '', 'Таблетки', 1, 'таблеток', '', 'amino', 0, 0, 0, 1, 'Спортивное питание', 'sport-eat', 'amino'),
(140, 'Футболки', 'USA Flag', 1500, 0, '', '', '', 0, '140.jpeg', 0, 'Выберите размер,M,XXL', 'Gorilla Wear', 0, '100% хлопок', '', '', '', '', '', 1, 'шт', '', 'tee-shirt', 0, 0, 0, 0, 'Одежда', 'clothes', 'tee-shirt'),
(141, 'Перчатки мужские', 'Crazy MFG-850', 1150, 0, 'Эта модель - СУПЕР новинка … Можешь в них в скейт-парк или в тренажерный зал, на велотренажер или на гребной тренажер. Изготовлены из специальной кожи «AMARA» (Южная Корея), позволяющей многократную стирку в обычных стиральных машинах.', 'Эта модель - СУПЕР новинка … Можешь в них в скейт-парк или в тренажерный зал, на велотренажер или на гребной тренажер. Изготовлены из специальной кожи «AMARA» (Южная Корея), позволяющей многократную стирку в обычных стиральных машинах. «Ладонь» изготовлена из двойного слоя кожи «АМАRA» с комфортной анатомической прострочкой. На ладони профилированный слой жесткости дополнен силиконовым слоем, предотвращающим скольжение грифа или гантели в рукe. Тыльная сторона изготовлена из лайкры. Область между пальцами изготовлена из лайкры. На большом пальце использована ткань типа «мохра». Вокруг запястья использована эластичная лента обеспечивающая хорошую поддержку и защиту. Перчатка закрепляются специальной профилированной затяжкой на «липучке», обеспечивающей свободное движение руки без ограничения. ОБМОТКИ ВОКРУГ ЗАПЯСТЬЯ НЕТ ! Для определения размера, необходимо измерить \"объем\" руки, как показано на рисунке...', '', 0, '141.jpeg', 0, 'Выберите размер,S,M,L,XL', 'Mad Max', 0, '55% натуральная кoжa, 45% пoлиэфир', '', '', '', '', '', 1, 'шт', '', 'gloves-m', 0, 0, 0, 0, 'Экипировка', 'equipments', 'gloves-m'),
(142, 'Сумки', 'Сумка спортивная', 4120, 3850, 'Спортивная сумка Universal Nutrition является единственной в своем роде. Ретро-стиль, классическая, и функциональная, изготовлена из дышащего, плотного, хлопкового материала.', 'Новая спортивная сумка Universal Nutritionявляется единственной в своем роде. Ретро-стиль, классическая, и функциональная, изготовлена из дышащего, плотного, хлопкового материала. Особо прочные желтые ремни, просторный объём, молния и внутренний карман, чтобы отделить необходимое. Эта спортивная сумка является одной из самых востребованных в мире бодибилдинга, кроме этого, вы найдете уникальный,  красно-белый логотип \"Universal Nutrition\" c каждой стороны сумки.', '', 1, '142.jpeg', 0, '', 'Universal Nutrition', 0, '', '', '', '', '', '', 1, 'шт', '', 'bag', 0, 0, 0, 0, 'Разное', 'other', 'bag'),
(144, 'Аминокислоты', 'Flax Fish Combo Oil', 1100, 990, 'Flax/ Fish Combo Oil от Twinlab содержит уникальную смесь из таких полезных жиров, как масло льняного семени и рыбий жир, при этом каждая капсула обеспечивает пролонгированную доставку EPA и DHA.', 'Flax Fish Combo Oil от Twinlab содержит уникальную смесь из таких полезных жиров, как масло льняного семени и рыбий жир, при этом каждая капсула обеспечивает пролонгированную доставку EPA и DHA. Двойное действие формулы состоит в следующем: если рыбий жир мгновенно дает организму EPA и DHA, то масло льняного семени предлагает ALA, которая через некоторое время превращается в организме в EPA и DHA. Все перечисленные кислоты помогают организму поддерживать здоровье прежде всего сердечно-сосудистой системы. \r\n\r\nРыбий жир в этом продукте получен из лучших сортов морской рыбы, он подвергся предварительной очистке и не содержит никаких тяжелых металлов или вредных примесей.', 'принимайте 2 гелевые капсулы в день.', 1, '144.jpeg', 0, 'Выберите вкус,Нейтральный', 'Twinlab', 120, 'Калории – 20;\r\nВсего жиров – 2 г;\r\nСмесь из рыбьего жира и масла льняного семени – 2 г; \r\nПальмитиновая кислота – 59 мг; \r\nОлеиновая кислота – 176 мг; \r\nЛинолевая кислота – 172 мг; \r\nАльфа линоленовая кислота – 770 мг; \r\nEPA – 198 мг; \r\nDHA – 132 мг;', 'желатин, глицерин, вода, карамель.', '', '', '', 'Капсулы', 1, 'капсул', '', 'amino', 0, 0, 1, 0, 'Спортивное питание', 'sport-eat', 'amino'),
(145, 'Аминокислоты', 'Amino 2250', 2300, 2100, 'Amino 2250 от Universal Nutrition содержит полный спектр необходимых, несущественных и условно незаменимых аминокислот, т.е полная смесь аминокислот, идеально подходящая для силовой подготовки спортсмена.', 'Amino 2250 Universal Nutrition являются высокачественными, максимальной концентрации аминокислотами. Amino 2250 от Universal Nutrition содержит полный спектр необходимых, несущественных и условно незаменимых аминокислот, т.е полная смесь аминокислот, идеально подходящая для силовой подготовки спортсмена.', 'принимать 2 таблетки до и 2 таблетки по завершении тренировки. Для достижения наилучших результатов, суточная доза может быть увеличена путем добавления еще 2 таблеток на пустой желудок между приемами пищи.', 1, '145.jpeg', 0, 'Выберите вкус,Нейтральный', 'Universal Nutrition', 120, 'Калории – 16 ккал;\r\nБелки – 4 г; \r\nВитамин B6 – 10  мг (500% рекомендуемой суточной нормы);\r\nАминокислоты:;\r\nL–лейцин – 382 мг;\r\nL–Изолейцин – 216 мг;\r\nL–Валин – 202 мг;\r\nL–лизин – 317 мг; \r\nL–метионин – 74 мг;\r\nL–фенилаланин – 120  мг; \r\nL–треонин – 225 мг; \r\nL–триптофан – 60  мг; \r\nL–аланин – 170 мг; \r\nL–аргинин – 83 мг; \r\nL–аспарагиновая кислота – 373 мг; \r\nL–Цистин – 87 мг;\r\nL–глутаминовой кислоты – 593 мг; \r\nL–глицин – 64 мг; \r\nL–гистидин – 69 мг; \r\nL–пролина – 193 мг; \r\nL–серин – 166 мг; \r\nL–тирозин – 106 мг;', 'концентрат сывороточных белков (молоко), гидролизованный сывороточный протеин, дикальция фосфат, стеариновая кислота, стеарат магния.', '', '', '', 'Таблетки', 1, 'таблеток', '', 'amino', 0, 0, 0, 1, 'Спортивное питание', 'sport-eat', 'amino');
INSERT INTO `tovary` (`id`, `category`, `nazv`, `cena`, `cena_sale`, `mini_opis`, `opis`, `sposob_prim`, `spec`, `photo`, `id_cat`, `preference`, `manuf`, `mass`, `sostav`, `ingredients`, `size`, `color`, `volume`, `release_form`, `product_availability`, `unit`, ` dose`, `nazv_eng`, `tovar_new`, `tovar_day`, `tovar_week`, `special_offer`, `product`, `product_eng`, `category_eng`) VALUES
(148, 'Протеин', 'IsoPure Mass', 2850, 2730, 'Гейнер IsoPure Mass представляет собой смесь сложных углеводов и изолята сывороточного протеина высокой степени очистки, освобожденного от лактозы.', 'Гейнер больше не густой! Natures Best - единственная в мире компания, сумевшая получить абсолютно чистый и прозрачный продукт!', 'Смешайте одну порцию (4 мерных ложки ~75 г) продукта с 300 мл воды или молока. Принимайте 1-2 раза в день.', 1, '148.jpeg', 0, 'Выберите вкус,Клубника', 'Nature\'s Best', 2200, 'Калорийность 1538кДж/ 367 ккал;\r\nБелки 28.1 г;\r\nУглеводы 61.5 г;\r\nВтч сахара 4.6 г;\r\nДиетическое волокно 0.9 г;\r\nЖиры 0.8 г;\r\nВтч насыщенные жиры 0.5 г;\r\nНатрий 209 мг;\r\nКалий 434 мг;', 'мальтодекстрин, изолят сывороточного протеина (молоко), вкусовой наполнитель, L-глютамин, соевый лецитин, краситель, подсластитель: сукралоза (Е955). Этот продукт производится на оборудовании, которое так же перерабатывает соевые, масленичные и пшеничные (глютен) ингредиенты.', '', '', '', 'Порошок', 1, 'гр', '', 'protein', 0, 0, 0, 0, 'Спортивное питание', 'sport-eat', 'protein'),
(149, 'Гейнер', 'Sport Gainer', 2535, 2400, 'Sport Gainer от PVL Essentials обеспечивает организм «чистыми» калориями и является источником высококачественного белка. Является источником качественных углеводов, обеспечивающих организм энергией, а также содержит полезные жиры.', 'Sport Gainer от PVL Essentials - прекрасное дополнение к вашему обычному рациону в виде дополнительных калорий и белка для набора сухой мышечной массы. Содержащиеся в составе Sport Gainer от PVL Essentials белок помогает мышцам восстанавливаться и расти, углеводы обеспечивают энергией и способствуют правильному усвоению жиров, жиры поддерживают энергетический баланс. Sport Gainer от PVL Essentials обеспечивает организм «чистыми» калориями и является источником высококачественного белка. Является источником качественных углеводов, обеспечивающих организм энергией, а также содержит «правильные» жиры: триглицериды средних цепочек (МСТ), лецитин и фосфолипиды, которые способствуют максимальному росту мышечной массы. ', 'Налейте 625 мл холодной воды в большой шейкер, затем добавьте 4 мерных ложки порошка(если вы используете обычный шейкер, смешайте 300 мл воды с 2 мерными ложками). Потрясите в течении 20 секунд. Употребляйте после тренировки, а так же утром или когда необходимо получить дополнительный белок. Вы так же можете смешивать продукт с молоком, соком или другим вашим любимым напитком.\r\n', 1, '149.jpeg', 1, 'Выберите вкус,Шоколад,Ваниль', 'PVL', 1520, 'Калории - 870;\r\nЖиры - 9 г 14%;\r\nНасыщенные 0,5 г 3%;\r\n- Транс 0 г;\r\nХолестерин - 20 мг 7%;\r\nнатрий - 390 мг 16%;\r\nкалий - 300 мг 9%;\r\nУглеводы - 156 г 52%;\r\nВолокна 0,5 г 2%;\r\nСахар 36 г;\r\nБелки 40 г;\r\nВитамин A / Витамины 0%;\r\nВитамин C / Витамин C 0%;\r\nКальций 8%;\r\nЖелезо 0%;', 'Смесь натуральных углеводов (мальтодекстрин, амилопектин -высокомолекулярный кукурузный крахмал и восковой крахмал ячменя, кристаллическая фруктоза, твердые сок сахарного тростника), смесь сывороточных протеинов (100% неденатурированный, холодной обработки, обогащенный концентрат сывороточного белка, неденатурированный , холодной обработки, поперечно-микрофильтрованный изолят сывороточного протеина, казеинат кальция), инулин (волокна корня цикория), кокосовое масло (источник MCT), натуральные ароматизаторы, порошок льняного семени, лактаза, смесь пищеварительных ферментов, (Протеазы I и II от Aminogen), пробиотики (Lactobacillus Fermentum), Калий цитрат, <1% Лецитин .', '', '', '', 'Порошок', 1, 'гр', '', 'geiner', 0, 0, 1, 0, 'Спортивное питание', 'sport-eat', 'geiner'),
(150, 'Протеин', 'Isofast 50', 4255, 4050, 'Isofast 50 от MHP имеет самую высокую скорость усвоения. Дополнительно усилен ВСАА , глютамином и другими критически важными аминокислотами.Изолят MHP Isofast — первый в мире сывороточный изолят произведённый по технологии биогидролизации.', 'ISofast 50 от MHP имеет самую высокую скорость усвоения. Дополнительно усилен ВСАА , глютамином и другими критически важными аминокислотами. Протеиновый коктейль изолят MHP Isofast— первый в мире сывороточный изолят произведённый по технологии MICRONPRACTICULATION и технологией биогидролизации, в итоге разработчикам МНР удалось создать протеин обладающий всеми достоинствами гидролизата , при этом не принести в жертву вкусовые качества продукта. Очень приятный вкус. Технология MICRONPRACTICULATION позволила уменьшить размер белковой частицы в 5 раз от стандартного размера, увеличив тем самым способность к усвоению. Технология биогидролиза позволяет отчасти имитировать гидролиз в организме человека, что увеличивает скорость усвоения протеина и поступления аминокислот в кровь. Вот почему продукт действует внутри организма как Гидролизованный Сывороточный Протеин (WPH), что даёт существенные преимущества в наращивании мышечной массы. Это закономерно, так как процесс гидролиза разрушает WPI до ди-и и три-пептидов, в результате чего они быстрее и полнее усваиваются.', 'Смешайте 2 мерные ложки (58,1 г) с 350 мл холодной воды. Принимайте по одной порции 2-4 раза в сутки , в зависимости от ваших потребностей в качественном протеине.', 1, '150.jpeg', 2, 'Выберите вкус,Шоколад', 'MHP', 1278, 'Калорийность – 224 ккал; \r\nЖиры – 0 г; \r\nХолестерин – 5 мг;\r\nНатрий – 550 мг;\r\nУглеводы – 6 г;\r\n    в т.ч. Волокна – 1 г;\r\n    в т.ч. Сахары – 0 г;\r\nБелки – 50 г; \r\nКальций – 75 мг (8%); \r\nЖелезо – 2 мг (11%);', 'биогидролизованный сывороточный протеин изолят (микронизированный изолят сывороточного протеина, микронизированные ВСАА, биогидролаза (пептидаза Aspergillus Oryzae, протеаза Aspergillus Oryzae, Aspergillus Melleus, пептидаза Aspergillus Niger)), натуральные и искусственные ароматизаторы, камедь (целлюлозная, ксантановая и каррагенин), соль, диоксид кремния, соевый лецитин, ацесульфам калия, сукралоза.', '', '', '', 'Порошок', 1, 'гр', '', 'protein', 0, 0, 1, 0, 'Спортивное питание', 'sport-eat', 'protein'),
(151, 'Протеин', 'Whey Protein Complex 100%', 1875, 1750, '100% сывороточный протеин.', 'Whey Protein – так называется белок молочной сыворотки по-английски. Этот белок обладает наивысшей биологической ценностью и лучше всего переносится организмом. Компания Olimp разработала высококачественный протеиновый порошок, Olimp Whey Protein Complex 100% - который обладает приятным вкусом и отвечает физиологическим потребностям. Очень важную роль играет здесь способ производства, поскольку в качестве сырья используется микрофильтрованный протеин, который не выносит высоких температур и высокого давления.', '(1 порция) 35 г - 96 единиц измерения мерной ложки или 5,5 без горки столовых ложек на 150 мл воды. Принимайте до 3 порций в день - утром, между приемами пищи и после тренировки или перед сном.', 1, '151.jpeg', 2, 'Выберите вкус,Шоколад,Печень-крем', 'Olimp', 700, 'Ультрафильтрованный концентрат сывороточного протеина WPC, изолят сывороточного белка WPI - CFM, ароматизатор, регулятор кислотности, подсластители, сукралоза, загуститель.', 'Протеины	26,3 г;\r\nУглеводы	2,7 г;\r\nиз них сахар 2,1 г;\r\nЖиры 2,1 г;\r\nНатрий 0,09 г;', '', '', '', 'Порошок', 1, 'гр', '', 'protein', 0, 0, 1, 0, 'Спортивное питание', 'sport-eat', 'protein'),
(152, 'Протеин', '100% Whey Gold Standard', 7300, 7199, '100% Whey Gold не стал бы тем продуктом, каким является сейчас, если бы Optimum Nutrition потчевала на лаврах. Начиная с 90х Optimum Nutrition добавляла лучшие компоненты и постоянно улучшала формулу, чтобы сделать лучший сывороточный протеин. ', '100% Whey Gold не стал бы тем продуктом, каким является сейчас, если бы Optimum Nutrition потчевала на лаврах. Начиная с 90-х Optimum Nutrition добавляла лучшие компоненты и постоянно улучшала формулу, чтобы сделать лучший сывороточный протеин. С помощью сложных методов протеин может быть \"изолирован\" из сопровождающих его жиров, холестерина, лактозы и других нежелательных ингредиентов для получения порошка, который состоял бы на 90% из протеина. Whey Protein Isolate (изолят сывороточного протеина) это главный ингредиент в 100% Whey Gold, он один уже способен показать, что Optimum Nutrition не думает о расходах, когда делает для вас лучший продукт. 100% Whey Gold один из первых выпущенных продуктов такого типа.', 'Для поддержания положительного баланса азота употребляйте приблизительно 2,2 грамма протеина на килограмм вашего веса в день, с учетом высокобелковой пищи и других добавок. Для достижения лучших результатов принимайте дневную норму протеина, равномерно распределяя на 4-6 приемов в течение дня.', 1, '152.jpeg', 0, 'Выберите вкус,Клубника,Ваниль,Двойной шоколад', 'Optimum Nutrition', 4540, '    Калории – 120 ккал, \r\n    в т. ч. калории от жиров – 10 ккал;\r\n    Всего жиров – 1 г,\r\n    в т. ч. Насыщенные жиры – 0.5 г;\r\n    Холестерин – 30 мг;\r\n    Всего углеводов – 3 г;\r\n    Протеин – 24 г;\r\n    Кальций – 140 мг;\r\n    Натрий – 60 мг;\r\n    Калий – 150 мг;\r\n    Смесь энзимов – 25 мг;\r\n        \r\n', 'протеиновая смесь (изолят сывороточного протеина, концентрат сывороточного протеина, сывороточные пептиды), какао (обработанное щелочью), натуральные и искусственные ароматизаторы, лецитин, соль, сукралоза, ацесульфам калия.', '', '', '', 'Порошок', 1, 'гр', '', 'protein', 0, 0, 1, 0, 'Спортивное питание', 'sport-eat', 'protein'),
(153, 'Протеин', 'Micelar Casein', 4400, 4150, 'Предназначено для специального питания — подходит для спортсменов и лиц с повышенной физической нагрузкой.', 'Мицеллярный казеин, со вкусом ванили с подсластителем.\r\n\r\nПредназначено для специального питания — подходит для спортсменов и лиц с повышенной физической нагрузкой. MICELAR CASEIN содержит мицеллярный казеин, качественный источник протеина с замедленным высвобождением аминокислот. Рекомендуется употреблять продукт Micelar Casein перед сном. Употребление этого высококачественного источника протеина способствует росту мышечной массы и ее удержанию при наличии угрозы катаболизма.', 'Зависит от веса тела, спортивной активности и состава питания.\r\n\r\nРекомендуется разделить суточную дозу (2 – 6 мерные ложки) на 2 порции, которые следует употреблять утром с едой и перед сном.\r\n\r\nСодержание 1 мерной ложки (30 г) размешать в 200 мл воды или обезжиренного молока.', 1, '153.jpeg', 0, 'Выберите вкус,Ваниль,Шоколад', 'EXtrifit', 2270, 'В 100 г продукта содержится:\r\n\r\n    1464,5 кДж / 348,7 ккал; \r\n    75,1 г белков; \r\n    8,1 г углеводов; \r\n    1,8 г жиров;\r\n', 'Мицеллярный казеин (образует 100% содержание белков продукта), комплекс 7 энзимов: папаин, альфа-амилаза, бромелайн, лактаза, целлюлаза, нейтральная протеаза, липаза. Добавки: ароматизатор, гуаровая камедь (стабилизатор, загуститель), подсластитель из растения стевия, сукралоза (подсластитель), бета-каротин (краситель). ', '', '', '', 'Порошок', 1, 'гр', '', 'protein', 0, 0, 1, 0, 'Спортивное питание', 'sport-eat', 'protein'),
(157, 'Протеин', 'Premium Whey Protein Plus', 4225, 4020, 'Комплексный сывороточный протеин 100% Premium Whey Protein Plus бренда MuscleTech призван оказать необходимую питательную поддержку для своевременного восстановления мышечных тканей и последующего мышечного роста. ', 'Комплексный сывороточный протеин 100% Premium Whey Protein Plus бренда MuscleTech призван оказать необходимую питательную поддержку для своевременного восстановления мышечных тканей и последующего мышечного роста.\r\n\r\nСывороточный белок, входящий в основу данного продукта усваивается значительно быстрее, чем другие источники белка, и в течение короткого периода времени предоставляет мышцам все необходимые аминокислоты. Более того формула дополнена креатин моногидратом, оказывающим благоприятное воздействие на восстановительные процессы организма, на энергетический обмен и увеличение силового потенциала.', 'Смешайте от 1 до 2 мерных ложек с 150 – 300 мл прохладной воды или обезжиренного молока. Продукт очень легко смешивается как в шейкере, так и в стакане. Принимайте по одному коктейлю между основными приемами пищи, а также до и после физических нагрузок. В день выпивайте не более 5 порций протеина.', 1, '157.jpeg', 2, 'Выберите вкус,Банан,Ваниль,Шоколад', 'MuscleTech', 2267, '\r\n    Калорийность     120 ккал;\r\n    Протеины     20 г;\r\n    Углеводы     9 г;\r\n    Сахар     2 г;\r\n    Жиры     1 г;\r\n    Холестерин     35 мг;\r\n    Кальций     80 мг;\r\n    Натрий     55 мг;\r\n', 'концентрат сывороточного протеина, изолят сывороточного протеина, гидролизованный концентрат сывороточного протеина, мальтодекстрин, креатин моногидрат, L-глутамин, какао-порошок, глицин, натуральные и искусственные ароматизаторы, целлюлозная камедь, ксантановая камедь, каррагенан, соль, соевый лецитин, сукралоза, ацесульфам калия.', '', '', '', 'Порошок', 1, 'гр', '', 'protein', 0, 0, 1, 0, 'Спортивное питание', 'sport-eat', 'protein'),
(158, 'Гейнер', 'Gainevolution', 1350, 1215, 'GAINEVOLUTION от Anna Nova Nutrition – это оптимальный продукт для набора мышечной массы, обеспечивающий ваш организм дополнительными калориями. содержит концентрат сывороточного белка, который быстро усваивается и поставляет мышцам необходимую энергию и строительные материалы — весь комплекс необходимых аминокислот.', 'GAINEVOLUTION от Anna Nova Nutrition – это оптимальный продукт для набора мышечной массы, обеспечивающий ваш организм дополнительными калориями. содержит концентрат сывороточного белка, который быстро усваивается и поставляет мышцам необходимую энергию и строительные материалы — весь комплекс необходимых аминокислот.\r\n\r\nИсточники углеводов — мальтодекстрин, овсяная и рисовая мука, льняной жмых — обеспечивают организм спортсмена энергией, полезной клетчаткой и пищевыми волокнами.\r\n\r\nGAINEVOLUTION от Anna Nova Nutrition также содержит весь комплекс витаминов, микро- и макроэлементов, и мощный антиоксидант — экстракт кожицы винограда, которые делают ваше питание полноценным, а процесс заживления, восстановления и роста мышц эффективнее.\r\n\r\nПокупая продукцию Anna Nova Nutrition вы всегда можете быть уверены в ее качестве, так как мы используем лучшее европейское сырье. основными компонентами gainevolution являются сывороточный белок североевропейского молочного концерна arla и мальтодекстрин французской фирмы roquette. gainevolution легко приготовить, смешав с небольшим количеством воды или вашего любимого напитка, чтобы восполнить запасы энергии в любое время суток. для гурманов вкуса существует возможность выбора из широкой линейки вариантов - эко (без ароматизаторов, красителей и консервантов), шоколад, амаретто, экзотик, клюква и апельсин.', 'Добавьте 5 мерных ложек гейнера (135 г) к 200-300 мл молока (воды) или Вашего любимого напитка и тщательно перемешайте.\r\n\r\nПринимайте 1-2 раза в день во время еды или между приемами пищи, до и после тренировки. Количество приемов можно увеличить в зависимости от Ваших индивидуальных потребностей в дополнительных калориях', 1, '158.jpeg', 1, 'Выберите вкус,Шоколад, Амаретто,Экзотик', 'Anna Nova Nutrition', 1360, 'Белок 40 г;\r\nУглеводы (усвояемые) 60 г;\r\nЖир 4,7 г;\r\nПищевые волокна 8,1 г;\r\nКальций 23 мг;', 'Ингредиенты: концентрат белка молочной сыворотки, мальтодекстрин, рисовая мука, овсяная мука, жмых льняной пищевой, ароматизатор идентичный натуральному, стевиозид, экстракт кожицы винограда, витаминный премикс (никотинамид, витамин Е, пантотенат кальция, витамин В6, витамин В1, витамин В2, витамин А, биотин, фолиевая кислота, витамин В12), минеральный премикс (кальция карбонат, калия хлорид, магния оксид, железа сульфат, цинка оксид, меди сульфат, марганца сульфат, йодат натрия, селенит натрия).', '', '', '', 'Порошок', 1, 'гр', '', 'geiner', 0, 0, 1, 0, 'Спортивное питание', 'sport-eat', 'geiner'),
(159, 'Протеин', 'PRO 5', 3200, 2867, 'PRO 5- пятикомпонентная белковая смесь. Концентрация 80%. У каждого из этих белков своя скорость усвоения, что способствует постоянному и равномерному поступлению аминокислот в кровь на протяжение более чем пяти часов! Этот протеиновый коктейль создан как дополнение к питанию с целью увеличения количества белка в дневном рационе. Для нормальной работы всех систем организма человеку требуется 2-4 г белка на килограмм веса в сутки!', 'PRO 5- пятикомпонентная белковая смесь. Концентрация 80%. У каждого из этих белков своя скорость усвоения, что способствует постоянному и равномерному поступлению аминокислот в кровь на протяжение более чем пяти часов! Этот протеиновый коктейль создан как дополнение к питанию с целью увеличения количества белка в дневном рационе. Для нормальной работы всех систем организма человеку требуется 2-4 г белка на килограмм веса в сутки!\r\n\r\nМолочный белок (казеин): снабжает мышцы протеином в течение долгого времени, содержит Л-глютамин.\r\n\r\nКонцентрат сывороточного протеина: быстроусваиваемый протеин с высоким содержанием ВСАА, повышает количество свободных аминокислот в крови.\r\n\r\nИзолят соевого протеина: наилучший растительный протеин высшей очистки, не содержит ГМО.\r\n\r\nИзолят сывороточного протеина: высококачественный белок с наивысшей биологической ценностью и функциональной многосторонностью.\r\n\r\nЯичный белок (альбумин): натуральный гидролизованный яичный белок высокой биологической ценности.\r\n\r\nВ PRO 5очень низкое количество жиров и углеводов, что в сочетании с пятикомпонентным высококачественным белком делает его отличным компонентом любой тренировочной программы.', 'PRO 5 целесообразно применять между приемами пищи, после тренировки и на ночь. Постоянное поступление аминокислот очень важно для построения мускулатуры!', 1, '159.jpeg', 2, 'Выберите вкус,Банан,Ваниль,Шоколад', 'VP Lab', 1200, 'Калорийность 113 ккал;\r\nПротеины 	22,9 г;', 'Биотин 15,6 мкг', '', '', '', 'Порошок', 1, 'гр', '', 'protein', 0, 0, 1, 0, 'Спортивное питание', 'sport-eat', 'protein'),
(160, 'Аминокислоты', 'ZMA Fuel', 1300, 1250, 'Анаболическая минеральная добавка Twinlab ZMA Fuel содержит синергетическую комбинацию таких минералов, как магний и цинк.', 'Анаболическая минеральная добавка Twinlab ZMA Fuel содержит синергетическую комбинацию таких минералов, как магний и цинк. Преимущества применение данного комплекса в сочетании с эффективной программой упражнений могут включать в себя: увеличение мышечной силы и выносливости, уменьшение риска возникновения спазмов и растяжений, быстрое заживление и восстановление после травм, улучшение концентрации и внимания, уменьшение задержки воды, улучшение отдыха и восстановления во время сна.', 'Принимайте преимущественно на пустой желудок за 30-60 минут до отхода ко сну по 3 капсулы (мужчинам) или 2 капсулы (женщинам). Для лучших результатов от применения ZMA Fuel, исключайте применение с пищей, либо добавками, содержащими кальций. Так же рекомендуется принимать данный продукт в период низко жирной диеты в сочетании с программой тренировок.', 1, '160.jpeg', 3, 'Выберите вкус,Нейтральный', 'Twinlab', 90, 'Витамин В6 - 10,5 мг;\r\nМагний - 450 мг;\r\nЦинк - 30 мг', 'Анаболическая минеральная добавка Twinlab ZMA Fuel содержит синергетическую комбинацию таких минералов, как магний и цинк.При недостатке цинка может уменьшиться мышечная сила и выносливость. Цинк является анаболическим элементом и стимулирует заживление ран, восстановление тканей, а также обеспечивает поддержку при построение мышц. Кроме того, цинк увеличивает эффект инсулинподобного фактора роста-1, гормона роста и тестостерона. В дополнение, многие ферменты, которые предотвращают накопление молочной кислоты («кислоты усталости»), требуют участия цинка.Дефицит магния в организме приводит к меньшему снабжению мышечных тканей кислородом. Магний поддерживает мышечную силу, выносливость и отдых. Также магний активирует ферменты, необходимые для метаболизма углеводов и аминокислот.\r\n', '', '', '', 'капсулы', 1, 'шт', '', 'amino', 0, 0, 1, 0, 'Спортивное питание', 'sport-eat', 'amino');

-- --------------------------------------------------------

--
-- Структура таблицы `users`
--

CREATE TABLE IF NOT EXISTS `users` (
  `id_users` smallint(6) NOT NULL AUTO_INCREMENT,
  `name` varchar(255) NOT NULL,
  `surname` varchar(255) NOT NULL,
  `otchestvo` varchar(255) NOT NULL,
  `phone` varchar(255) NOT NULL,
  `address` varchar(255) NOT NULL,
  `email` varchar(255) NOT NULL,
  `pwd` char(40) NOT NULL,
  `date` varchar(255) NOT NULL,
  `bonus` mediumint(9) NOT NULL,
  `pwd2` char(40) NOT NULL,
  PRIMARY KEY (`id_users`)
) ENGINE=InnoDB AUTO_INCREMENT=61 DEFAULT CHARSET=utf8;

--
-- Дамп данных таблицы `users`
--

INSERT INTO `users` (`id_users`, `name`, `surname`, `otchestvo`, `phone`, `address`, `email`, `pwd`, `date`, `bonus`, `pwd2`) VALUES
(1, 'Илья', '', '', '8 (911) 972-16-12', '', 'admin@gymland.ru', '4184cd47690fae2a6aeb308265bb9c81', '2015-03-11', 0, ''),
(2, 'Тест', 'Тестов', 'Тестович', '8 (999) 999-99-99', '', 'test@gymland.ru', '8fd6f7392423b49d248d72da0564fe4e', '2015-03-11', 0, ''),
(3, 'Тест', '', '', '8 (434) 123-43-22', '', 'teste@yandex.ru', '8fd6f7392423b49d248d72da0564fe4e', '0000-00-', 0, ''),
(4, 'Тест', '', '', '8 (111) 111-11-11', '', 'test3@ya.ru', 'a95ac4bb889c0ccdadb5830a6007d80f', '0000-00-', 0, ''),
(5, 'Апр', '', '', '8 (234) 234-32-42', '', 'shadsad@mail.ru', '8fd6f7392423b49d248d72da0564fe4e', '0000-00-', 0, ''),
(7, 'Тест', '', '', '8 (342) 345-34-53', '', 'test@test.ru', '8fd6f7392423b49d248d72da0564fe4e', '0000-00-', 0, ''),
(8, 'Нео', '', '', '8 (325) 435-34-53', '', 'test@test.ru', 'a95ac4bb889c0ccdadb5830a6007d80f', '14-06-2015', 0, ''),
(9, 'Стопятьсот', '', '', '8 (100) 500-10-50', '', 'test100500@gymland.ru', '789bea79ee5cd88a2542ec1c162f3cc4', '', 0, ''),
(10, 'Тесто', '', '', '8 (342) 345-43-54', '', 'test@testo.ru', 'bedeb27e4f055299dd8dea7fc8f14a5f', '', 0, ''),
(11, 'Юзер', '', '', '8 (911) 123-45-67', '', 'user@yandex.ru', 'ilyashaxlexus', '', 0, ''),
(12, 'Илья', '', '', '8 (911) 972-16-12', '', 'ilya-shakhomirov@yandex.ru', 'ilyashaxlexus', '', 0, ''),
(13, 'Тестан', 'Тристан', 'Дристанович', '8 (911) 972-16-15', '', 'testan@gymland.ru', '7f1e4d7e1abef9970391dda27d77cab1', '29.02.2016', 1000, '12345678lexus'),
(14, 'Ил', '', '', '8 (999) 999-99-99', '', 'ilya@gymland.ru', '8d42b2e5cef89277eadaf5054676b2e7', '04.03.2016', 0, '12345lexus'),
(16, 'Апр', '', '', '8 (434) 123-43-23', '', 'qwe@mail.ru', '8d42b2e5cef89277eadaf5054676b2e7', '31.03.2016', 0, '12345lexus'),
(17, 'Апр', '', '', '8 (434) 123-43-23', '', 'qwe@mail.ru', '8d42b2e5cef89277eadaf5054676b2e7', '31.03.2016', 0, '12345lexus'),
(18, 'Апр', '', '', '8 (434) 123-43-23', '', 'qwe@mail.ru', '8d42b2e5cef89277eadaf5054676b2e7', '31.03.2016', 0, '12345lexus'),
(19, 'Апр', '', '', '8 (434) 123-43-23', '', 'qwe@mail.ru', '8d42b2e5cef89277eadaf5054676b2e7', '31.03.2016', 0, '12345lexus'),
(20, 'Апр', '', '', '8 (434) 123-43-23', '', 'qwe@mail.ru', '8d42b2e5cef89277eadaf5054676b2e7', '31.03.2016', 0, '12345lexus'),
(21, 'Апр', '', '', '8 (434) 123-43-23', '', 'qwe@mail.ru', '8d42b2e5cef89277eadaf5054676b2e7', '31.03.2016', 0, '12345lexus'),
(22, 'Апр', '', '', '8 (434) 123-43-23', '', 'qwe@mail.ru', '8d42b2e5cef89277eadaf5054676b2e7', '31.03.2016', 0, '12345lexus'),
(23, 'Апр', '', '', '8 (434) 123-43-23', '', 'qwe@mail.ru', '8d42b2e5cef89277eadaf5054676b2e7', '31.03.2016', 0, '12345lexus'),
(24, 'Апр', '', '', '8 (434) 123-43-23', '', 'qwe@mail.ru', '8d42b2e5cef89277eadaf5054676b2e7', '31.03.2016', 0, '12345lexus'),
(25, 'Нео', '', '', '8 (434) 123-43-45', '', 'rewq@gymland.ru', '7587624d28342936fddfad56c98d6b9b', '31.03.2016', 0, '1qaz2wsxlexus'),
(26, 'Илья', '', '', '8 (111) 111-11-11', '', 'fdsa@gymland.ru', '8d42b2e5cef89277eadaf5054676b2e7', '31.03.2016', 0, '12345lexus'),
(28, 'Тест', '', '', '8 (234) 234-32-23', '', '123@gymland.ru', 'e1375d9fceb8fd9edc2e07e6e450e2f1', '02.04.2016', 0, '1234lexus'),
(29, 'Нео', '', '', '8 (434) 123-43-54', '', '1234@gymland.ru', 'e1375d9fceb8fd9edc2e07e6e450e2f1', '02.04.2016', 0, '1234lexus'),
(30, 'Нео', '', '', '8 (434) 123-43-22', '', '12345@gymland.ru', 'bc1c11148f18d89a4a342d7f9c79fdfb', '02.04.2016', 0, '123lexus'),
(31, 'Нео', '', '', '8 (434) 123-43-36', '', '12345@gymland.ru', 'bc1c11148f18d89a4a342d7f9c79fdfb', '02.04.2016', 0, '123lexus'),
(32, 'Нео', '', '', '8 (434) 123-43-36', '', '123456@gymland.ru', 'bc1c11148f18d89a4a342d7f9c79fdfb', '02.04.2016', 0, '123lexus'),
(33, 'Нео', '', '', '8 (434) 123-43-3234', '', '123456@gymland.ru', 'bc1c11148f18d89a4a342d7f9c79fdfb', '02.04.2016', 0, '123lexus'),
(38, 'Кор', '', '', '8 (111) 111-11-11', '', 'king@gymland.ru', '8d42b2e5cef89277eadaf5054676b2e7', '26.07.2016', 800, '12345lexus'),
(39, '123', '456', '', '8 (991) 243-11-11', '', '123@gymland.ru', '8d42b2e5cef89277eadaf5054676b2e7', '30.07.2016', 0, '12345lexus'),
(40, 'Qwerty', '', '', '8 (991) 243-11-22', '', 'qwerty@gymland.ru', 'a95ac4bb889c0ccdadb5830a6007d80f', '30.07.2016', 0, 'qwertylexus'),
(41, 'Barnypok', '', '', '70137863706', '', 'jfvynms4281rt@hotmail.com', '2a972164e25bd335636cbd451a40b853', '28.12.2016', 0, 'lexus'),
(42, 'dnedon', '', '', 'bITynYTqMGPKd', '', 'ejfixc@eiltth.com', '2a972164e25bd335636cbd451a40b853', '09.01.2017', 0, 'lexus'),
(43, 'dqmgfe', '', '', 'ObPQiwUMaSPb', '', 'kanisg@zbndut.com', '2a972164e25bd335636cbd451a40b853', '10.01.2017', 0, 'lexus'),
(44, 'srguap', '', '', '23090922399', '', 'deejzb@rebkkc.com', '2a972164e25bd335636cbd451a40b853', '16.01.2017', 0, 'lexus'),
(45, 'lkuetoynrkx', '', '', '69111550051', '', 'zioxuo@crhzsb.com', '2a972164e25bd335636cbd451a40b853', '16.01.2017', 0, 'lexus'),
(46, 'JimmiXzSq', '', '', '41048949464', '', 'jimos45812rt1@hotmail.com', '2a972164e25bd335636cbd451a40b853', '21.05.2017', 0, 'lexus'),
(47, 'dkawgp', '', '', 'tuxiUVVIvP', '', 'vhbjlk@waiiuu.com', '2a972164e25bd335636cbd451a40b853', '23.08.2017', 0, 'lexus'),
(48, 'gtewruihp', '', '', 'hvnKylmDM', '', 'bitdox@gehlgk.com', '2a972164e25bd335636cbd451a40b853', '24.08.2017', 0, 'lexus'),
(49, 'dbqryke', '', '', 'bSgIrKQFk', '', 'vejdvz@tspycd.com', '2a972164e25bd335636cbd451a40b853', '28.08.2017', 0, 'lexus'),
(50, 'mrtztrhdlu', '', '', 'OPooGQGkaXwfpb', '', 'bgendc@taausx.com', '2a972164e25bd335636cbd451a40b853', '05.09.2017', 0, 'lexus'),
(51, 'adohtzyoap', '', '', 'LgPFEWXzJSE', '', 'lwmpnb@gvackd.com', '2a972164e25bd335636cbd451a40b853', '05.09.2017', 0, 'lexus'),
(52, 'svrxeslci', '', '', 'IijMWuZUSeivMhSefY', '', 'jxzotf@rpyggu.com', '2a972164e25bd335636cbd451a40b853', '15.09.2017', 0, 'lexus'),
(53, 'zodeper', '', '', 'KgvDauRQOjv', '', 'hknack@tgpfsx.com', '2a972164e25bd335636cbd451a40b853', '05.12.2017', 0, 'lexus'),
(54, 'GoldenTabs', '', '', '20915013715', '', 'support@goldentabs.com', '2a972164e25bd335636cbd451a40b853', '06.01.2018', 0, 'lexus'),
(55, 'GoldenTabs', '', '', '76576587644', '', 'support@goldentabs.com', '2a972164e25bd335636cbd451a40b853', '06.01.2018', 0, 'lexus'),
(56, 'GoldenTabs', '', '', '53048480657', '', 'support@goldentabs.com', '2a972164e25bd335636cbd451a40b853', '06.01.2018', 0, 'lexus'),
(57, 'GoldenTabs', '', '', '18183003772', '', 'support@goldentabs.com', '2a972164e25bd335636cbd451a40b853', '06.01.2018', 0, 'lexus'),
(58, 'GoldenTabs', '', '', '79757698417', '', 'support@goldentabs.com', '2a972164e25bd335636cbd451a40b853', '08.01.2018', 0, 'lexus'),
(59, 'Артем', '', '', '89842813327', '', 'e.k.m.1975@mail.ru ', 'e228b554735ea5ca5303ab8acfe96ee8', '31.03.2018', 0, '123456789Alexus'),
(60, 'gpkptm', '', '', 'uMNMoYFJNeFvXL', '', 'vncpzk@roytyf.com', '2a972164e25bd335636cbd451a40b853', '30.04.2018', 0, 'lexus');

-- --------------------------------------------------------

--
-- Структура таблицы `zakaz`
--

CREATE TABLE IF NOT EXISTS `zakaz` (
  `id_zakaz` mediumint(9) NOT NULL AUTO_INCREMENT,
  `name` varchar(255) NOT NULL,
  `phone` varchar(255) NOT NULL,
  `address` varchar(255) NOT NULL,
  `id_user` smallint(6) NOT NULL,
  `stoim` int(11) NOT NULL,
  `dostavka` int(11) NOT NULL,
  `id_tovar` text NOT NULL,
  `kol` text NOT NULL,
  `status` varchar(255) NOT NULL,
  `date_add` date NOT NULL,
  `dop_info` text NOT NULL,
  `manuf` text NOT NULL,
  `category` text NOT NULL,
  `oplata` text NOT NULL,
  `delivery` text NOT NULL,
  `preference` text NOT NULL,
  `unit` text NOT NULL,
  `nazv` varchar(255) NOT NULL,
  `mass` text NOT NULL,
  `cost` text NOT NULL,
  `photo` varchar(255) NOT NULL,
  `bonus` mediumint(9) NOT NULL,
  `bonus_payment_user` mediumint(9) NOT NULL,
  `user_bonus` mediumint(9) NOT NULL,
  `release_form` text NOT NULL,
  `status_oplata` tinyint(4) NOT NULL,
  PRIMARY KEY (`id_zakaz`)
) ENGINE=InnoDB AUTO_INCREMENT=139 DEFAULT CHARSET=utf8;

--
-- Дамп данных таблицы `zakaz`
--

INSERT INTO `zakaz` (`id_zakaz`, `name`, `phone`, `address`, `id_user`, `stoim`, `dostavka`, `id_tovar`, `kol`, `status`, `date_add`, `dop_info`, `manuf`, `category`, `oplata`, `delivery`, `preference`, `unit`, `nazv`, `mass`, `cost`, `photo`, `bonus`, `bonus_payment_user`, `user_bonus`, `release_form`, `status_oplata`) VALUES
(1, 'Илья', '8 (911) 972-16-12', 'Северный пр.,д .8', 0, 0, 0, '0', '0', 'Отмена', '0000-00-00', '1234', '', '', '', '', '', '', '', '0', '', '', 0, 0, 0, '', 0),
(2, 'Илья', '8 (999) 999-99-99', 'Северный пр.,д .8', 0, 0, 0, '0', '0', 'В доставке', '0000-00-00', '', '', '', '', '', '', '', '', '0', '', '', 0, 0, 0, '', 0),
(3, 'Илья', '8 (911) 972-16-12', 'Северный пр.,д .8', 0, 0, 0, '0', '0', 'Новый', '0000-00-00', '', '', '', 'nal', '', '', '', '', '0', '', '', 0, 0, 0, '', 0),
(4, 'Илья', '8 (911) 972-16-12', 'Северный пр.,д .8', 0, 0, 0, '0', '0', 'Новый', '0000-00-00', 'r2rew4', '', '', 'wire', '', '', '', '', '0', '', '', 0, 0, 0, '', 0),
(5, 'Илья', '8 (911) 972-16-12', '', 0, 0, 250, '0', '0', 'Новый', '2015-04-09', 'bmnnbnm', '', '', 'nal', '', '', '', '', '0', '', '', 0, 0, 0, '', 0),
(6, 'Илья', '8 (911) 972-16-12', 'Северный пр.,д.8,корп.1,кв.198', 0, 0, 250, '0', '0', 'Новый', '2015-04-09', 'Тест', '', '', 'webmoney', '', '', '', '', '0', '', '', 0, 0, 0, '', 0),
(7, 'Илья', '8 (911) 972-16-12', 'Северный', 0, 0, 0, '0', '0', 'Новый', '2015-04-09', '', '', '', 'bank_wire', '', '', '', '', '0', '', '', 0, 0, 0, '', 0),
(8, 'Илья', '8 (911) 972-16-12', 'Северный', 0, 0, 0, '0', '0', 'Новый', '2015-04-09', 'Тест', '', '', 'wire', '', '', '', '', '0', '', '', 0, 0, 0, '', 0),
(9, 'Илья', '8 (911) 972-16-12', 'Северный пр.,д.8,корп.1,кв.198', 0, 0, 0, '0', '0', 'Новый', '2015-04-09', '', '', '', 'wire', '', '', '', '', '0', '', '', 0, 0, 0, '', 0),
(10, 'Илья', '8 (911) 972-16-12', 'Северный', 0, 0, 0, '0', '0', 'Новый', '2015-04-09', '', '', '', 'nal', '', '', '', '', '0', '', '', 0, 0, 0, '', 0),
(11, 'Илья', '8 (911) 972-16-12', 'Северный', 0, 0, 0, '0', '0', 'Выполнен', '2015-04-09', '', '', '', 'webmoney', '', '', '', '', '0', '', '', 0, 0, 0, '', 0),
(12, 'Илья', '8 (911) 972-16-12', 'Северный', 0, 0, 0, '0', '0', 'Новый', '2015-04-09', '', '', '', 'bank_wire', '', '', '', '', '0', '', '', 0, 0, 0, '', 0),
(13, 'Илья', '8 (911) 972-16-12', 'Северный пр.,д.8,корп.1,кв.198', 0, 0, 0, '0', '0', 'Новый', '2015-04-09', '', '', '', 'nal', '', '', '', '', '0', '', '', 0, 0, 0, '', 0),
(14, 'Илья', '8 (911) 972-16-12', 'Северный пр.,д.8,корп.1,кв.198', 0, 0, 0, '0', '0', 'Новый', '2015-04-09', '', '', '', 'bank_wire', '', '', '', '', '0', '', '', 0, 0, 0, '', 0),
(15, 'Илья', '8 (911) 972-16-12', 'Северный', 0, 0, 0, '0', '0', 'В доставке', '2015-04-09', '', '', '', 'nal', '', '', '', '', '0', '', '', 0, 0, 0, '', 0),
(16, 'Admin', '+7 (924) 556-57-78', 'Дыбенко 17', 0, 8160, 0, '0', '3', 'Новый', '2017-09-20', '', 'BSN', 'Протеин', 'nal', 'courier', 'Шоколад', '', 'True Mass', '0', '', '', 0, 0, 0, '', 0),
(20, 'Илья', '8 (911) 972-16-12', 'Дыбенко 17', 1, 3830, 800, '0', '1', 'Новый', '2017-09-20', '', 'Cellucor,Optimum Nutrition', 'Креатин,BCAA', 'nal', 'ems', 'Голубика,Выберите вкус', '', 'C4 Extreme,BCAA 5000', '0', '', '', 0, 0, 0, '', 0),
(21, 'Илья', '8 (911) 972-16-12', 'Дыбенко 17', 1, 3830, 800, '0', '0', 'Новый', '2017-09-20', '', 'Cellucor,Optimum Nutrition', 'Креатин,BCAA', 'nal', 'ems', 'Голубика,Выберите вкус', '', 'C4 Extreme,BCAA 5000', '0', '', '', 0, 0, 0, '', 0),
(22, 'Илья', '8 (911) 972-16-12', 'Северный пр,8', 1, 23720, 0, '0', '1', 'Новый', '2022-09-20', '', 'BSN,CytoSport,BSN,GASP', 'Протеин,Аминокислоты,Гейнер,Штаны для зала', 'nal', 'courier', 'Клубника,Банан,Ваниль,Выберите размер', 'гр,гр,гр,шт', 'True Mass,Monster Amino,True Mass 1200,№ 89 Mesh Pant, Black', '2600', '2720,1770,3490,3500', '90.jpeg,81.jpeg,91.jpeg,98.jpeg', 0, 0, 0, '', 0),
(23, 'Илья', '8 (911) 972-16-12', 'Северный пр,8', 1, 23720, 0, '0', '1', 'Новый', '2022-09-20', '', 'BSN,CytoSport,BSN,GASP', 'Протеин,Аминокислоты,Гейнер,Штаны для зала', 'nal', 'courier', 'Клубника,Банан,Ваниль,Выберите размер', 'гр,гр,гр,шт', 'True Mass,Monster Amino,True Mass 1200,№ 89 Mesh Pant, Black', '2600', '2720,1770,3490,3500', '90.jpeg,81.jpeg,91.jpeg,98.jpeg', 0, 0, 0, '', 0),
(24, 'Илья', '8 (911) 972-16-12', 'Северный пр,8', 1, 23720, 0, '0', '1', 'Новый', '2022-09-20', '', 'BSN,CytoSport,BSN,GASP', 'Протеин,Аминокислоты,Гейнер,Штаны для зала', 'nal', 'courier', 'Клубника,Банан,Ваниль,Выберите размер', 'гр,гр,гр,шт', 'True Mass,Monster Amino,True Mass 1200,№ 89 Mesh Pant, Black', '2600', '2720,1770,3490,3500', '90.jpeg,81.jpeg,91.jpeg,98.jpeg', 0, 0, 0, '', 0),
(25, 'Илья', '8 (911) 972-16-12', 'Северный пр,8', 1, 23720, 0, '0', '1', 'Новый', '2022-09-20', '', 'BSN,CytoSport,BSN,GASP', 'Протеин,Аминокислоты,Гейнер,Штаны для зала', 'nal', 'courier', 'Клубника,Банан,Ваниль,Выберите размер', 'гр,гр,гр,шт', 'True Mass,Monster Amino,True Mass 1200,№ 89 Mesh Pant, Black', '2600', '2720,1770,3490,3500', '90.jpeg,81.jpeg,91.jpeg,98.jpeg', 0, 0, 0, '', 0),
(26, 'Илья', '8 (911) 972-16-12', 'Северный пр,8', 1, 23720, 0, '0', '1', 'Новый', '2022-09-20', '', 'BSN,CytoSport,BSN,GASP', 'Протеин,Аминокислоты,Гейнер,Штаны для зала', 'nal', 'courier', 'Клубника,Банан,Ваниль,Выберите размер', 'гр,гр,гр,шт', 'True Mass,Monster Amino,True Mass 1200,№ 89 Mesh Pant, Black', '2600', '2720,1770,3490,3500', '90.jpeg,81.jpeg,91.jpeg,98.jpeg', 0, 0, 0, '', 0),
(27, 'Илья', '8 (911) 972-16-12', 'Северный пр,8', 1, 23720, 0, '0', '1', 'Новый', '2022-09-20', '', 'BSN,CytoSport,BSN,GASP', 'Протеин,Аминокислоты,Гейнер,Штаны для зала', 'nal', 'courier', 'Клубника,Банан,Ваниль,Выберите размер', 'гр,гр,гр,шт', 'True Mass,Monster Amino,True Mass 1200,№ 89 Mesh Pant, Black', '2600', '2720,1770,3490,3500', '90.jpeg,81.jpeg,91.jpeg,98.jpeg', 0, 0, 0, '', 0),
(28, 'Илья', '8 (911) 972-16-12', 'Северный пр,8', 1, 23720, 0, '0', '1', 'Новый', '2022-09-20', '', 'BSN,CytoSport,BSN,GASP', 'Протеин,Аминокислоты,Гейнер,Штаны для зала', 'nal', 'courier', 'Клубника,Банан,Ваниль,Выберите размер', 'гр,гр,гр,шт', 'True Mass,Monster Amino,True Mass 1200,№ 89 Mesh Pant, Black', '2600', '2720,1770,3490,3500', '90.jpeg,81.jpeg,91.jpeg,98.jpeg', 0, 0, 0, '', 0),
(29, 'Илья', '8 (911) 972-16-12', 'Северный пр,8', 1, 23720, 0, '0', '1', 'Новый', '2022-09-20', '', 'BSN,CytoSport,BSN,GASP', 'Протеин,Аминокислоты,Гейнер,Штаны для зала', 'nal', 'courier', 'Клубника,Банан,Ваниль,Выберите размер', 'гр,гр,гр,шт', 'True Mass,Monster Amino,True Mass 1200,№ 89 Mesh Pant, Black', '2600', '2720,1770,3490,3500', '90.jpeg,81.jpeg,91.jpeg,98.jpeg', 0, 0, 0, '', 0),
(30, 'Илья', '8 (911) 972-16-12', 'Северный пр,8', 1, 23720, 0, '0', '1', 'Новый', '2022-09-20', '', 'BSN,CytoSport,BSN,GASP', 'Протеин,Аминокислоты,Гейнер,Штаны для зала', 'nal', 'courier', 'Клубника,Банан,Ваниль,Выберите размер', 'гр,гр,гр,шт', 'True Mass,Monster Amino,True Mass 1200,№ 89 Mesh Pant, Black', '2600', '2720,1770,3490,3500', '90.jpeg,81.jpeg,91.jpeg,98.jpeg', 0, 0, 0, '', 0),
(31, 'Илья', '8 (911) 972-16-12', 'Северный пр,8', 1, 23720, 0, '0', '1', 'Новый', '2022-09-20', '', 'BSN,CytoSport,BSN,GASP', 'Протеин,Аминокислоты,Гейнер,Штаны для зала', 'nal', 'courier', 'Клубника,Банан,Ваниль,Выберите размер', 'гр,гр,гр,шт', 'True Mass,Monster Amino,True Mass 1200,№ 89 Mesh Pant, Black', '2600', '2720,1770,3490,3500', '90.jpeg,81.jpeg,91.jpeg,98.jpeg', 0, 0, 0, '', 0),
(32, 'Илья', '8 (911) 972-16-12', 'Северный пр,8', 1, 23720, 0, '0', '1', 'Новый', '2022-09-20', '', 'BSN,CytoSport,BSN,GASP', 'Протеин,Аминокислоты,Гейнер,Штаны для зала', 'nal', 'courier', 'Клубника,Банан,Ваниль,Выберите размер', 'гр,гр,гр,шт', 'True Mass,Monster Amino,True Mass 1200,№ 89 Mesh Pant, Black', '2600', '2720,1770,3490,3500', '90.jpeg,81.jpeg,91.jpeg,98.jpeg', 0, 0, 0, '', 0),
(33, 'Илья', '8 (911) 972-16-12', 'Северный пр,8', 1, 23720, 0, '0', '1', 'Новый', '2022-09-20', '', 'BSN,CytoSport,BSN,GASP', 'Протеин,Аминокислоты,Гейнер,Штаны для зала', 'nal', 'courier', 'Клубника,Банан,Ваниль,Выберите размер', 'гр,гр,гр,шт', 'True Mass,Monster Amino,True Mass 1200,№ 89 Mesh Pant, Black', '2600', '2720,1770,3490,3500', '90.jpeg,81.jpeg,91.jpeg,98.jpeg', 0, 0, 0, '', 0),
(34, 'Илья', '8 (911) 972-16-12', 'Северный пр,8', 1, 23720, 0, '0', '1', 'Новый', '2022-09-20', '', 'BSN,CytoSport,BSN,GASP', 'Протеин,Аминокислоты,Гейнер,Штаны для зала', 'nal', 'courier', 'Клубника,Банан,Ваниль,Выберите размер', 'гр,гр,гр,шт', 'True Mass,Monster Amino,True Mass 1200,№ 89 Mesh Pant, Black', '2600', '2720,1770,3490,3500', '90.jpeg,81.jpeg,91.jpeg,98.jpeg', 0, 0, 0, '', 0),
(35, 'Илья', '8 (911) 972-16-12', 'Северный пр,8', 1, 23720, 0, '0', '1', 'Новый', '2022-09-20', '', 'BSN,CytoSport,BSN,GASP', 'Протеин,Аминокислоты,Гейнер,Штаны для зала', 'nal', 'courier', 'Клубника,Банан,Ваниль,Выберите размер', 'гр,гр,гр,шт', 'True Mass,Monster Amino,True Mass 1200,№ 89 Mesh Pant, Black', '2600', '2720,1770,3490,3500', '90.jpeg,81.jpeg,91.jpeg,98.jpeg', 0, 0, 0, '', 0),
(36, 'Илья', '8 (911) 972-16-12', 'Северный пр,8', 1, 23720, 0, '0', '1', 'Новый', '2022-09-20', '', 'BSN,CytoSport,BSN,GASP', 'Протеин,Аминокислоты,Гейнер,Штаны для зала', 'nal', 'courier', 'Клубника,Банан,Ваниль,Выберите размер', 'гр,гр,гр,шт', 'True Mass,Monster Amino,True Mass 1200,№ 89 Mesh Pant, Black', '2600', '2720,1770,3490,3500', '90.jpeg,81.jpeg,91.jpeg,98.jpeg', 0, 0, 0, '', 0),
(37, 'Илья', '8 (911) 972-16-12', 'Северный пр,8', 1, 23720, 0, '0', '1', 'Новый', '2022-09-20', '', 'BSN,CytoSport,BSN,GASP', 'Протеин,Аминокислоты,Гейнер,Штаны для зала', 'nal', 'courier', 'Клубника,Банан,Ваниль,Выберите размер', 'гр,гр,гр,шт', 'True Mass,Monster Amino,True Mass 1200,№ 89 Mesh Pant, Black', '2600', '2720,1770,3490,3500', '90.jpeg,81.jpeg,91.jpeg,98.jpeg', 0, 0, 0, '', 0),
(38, 'Илья', '8 (911) 972-16-12', 'Дыбенко 17', 1, 6220, 0, '0', '1', 'Новый', '2022-09-20', 'jjjj', '', '', 'nal', 'courier', 'Клубника,Выберите размер', '', '', '0', '2720,3500', '90.jpeg,98.jpeg', 0, 0, 0, '', 0),
(39, 'Илья', '8 (911) 972-16-12', 'Дыбенко 17', 1, 6220, 0, '0', '1', 'Новый', '2022-09-20', 'jjjj', '', '', 'nal', 'courier', 'Клубника,Выберите размер', '', '', '0', '2720,3500', '90.jpeg,98.jpeg', 0, 0, 0, '', 0),
(40, 'Илья', '8 (911) 972-16-12', 'Дыбенко 17', 1, 10750, 0, '0', '3', 'Новый', '2022-09-20', '18-00', 'CytoSport,BSN', 'Аминокислоты,Протеин', 'nal', 'courier', 'Ваниль,Печенье-крем', 'гр,гр', 'Monster Amino,True Mass', '375', '1770,2720', '81.jpeg,90.jpeg', 0, 0, 0, '', 0),
(41, 'Илья', '8 (911) 972-16-12', 'Дыбенко 17', 1, 10750, 0, '0', '3', 'Новый', '2022-09-20', '18-00', 'CytoSport,BSN', 'Аминокислоты,Протеин', 'nal', 'courier', 'Ваниль,Печенье-крем', 'гр,гр', 'Monster Amino,True Mass', '375', '1770,2720', '81.jpeg,90.jpeg', 0, 0, 0, '', 0),
(42, 'Илья', '8 (911) 972-16-12', 'Дыбенко 17', 1, 9700, 0, '0', '1', 'Новый', '2022-09-20', 'jhkh', 'BSN,BSN', 'Протеин,Гейнер', 'nal', 'courier', 'Ваниль,Ваниль', 'гр,гр', 'True Mass,True Mass 1200', '2600', '2720,3490', '90.jpeg,91.jpeg', 0, 0, 0, '', 0),
(43, 'Илья', '8 (911) 972-16-12', 'Дыбенко 17', 1, 9700, 0, '0', '1', 'Новый', '2022-09-20', 'jhkh', 'BSN,BSN', 'Протеин,Гейнер', 'nal', 'courier', 'Ваниль,Ваниль', 'гр,гр', 'True Mass,True Mass 1200', '2600', '2720,3490', '90.jpeg,91.jpeg', 0, 0, 0, '', 0),
(44, 'Илья', '8 (911) 972-16-12', 'Северный пр,8', 1, 7210, 0, '0', '1', 'Новый', '2022-09-20', 'выаыва', 'CytoSport,BSN', 'Аминокислоты,Протеин', 'nal', 'courier', 'Банан,Клубника', 'гр,гр', 'Monster Amino,True Mass', '375', '1770,2720', '81.jpeg,90.jpeg', 0, 0, 0, '', 0),
(45, 'Илья', '8 (911) 972-16-12', 'Северный пр,8', 1, 7210, 0, '0', '1', 'Новый', '2022-09-20', 'выаыва', 'CytoSport,BSN', 'Аминокислоты,Протеин', 'nal', 'courier', 'Банан,Клубника', 'гр,гр', 'Monster Amino,True Mass', '375', '1770,2720', '81.jpeg,90.jpeg', 0, 0, 0, '', 0),
(46, 'Илья', '8 (911) 972-16-12', 'Северный пр,8', 1, 11700, 0, '0', '2,3', 'Новый', '2022-09-20', 'gjghh', 'CytoSport,BSN', 'Аминокислоты,Протеин', 'yandex', 'courier', 'Ваниль,Ваниль', 'гр,гр', 'Monster Amino,True Mass', '375', '1770,2720', '81.jpeg,90.jpeg', 0, 0, 0, '', 0),
(47, 'Илья', '8 (911) 972-16-12', 'Северный пр,8', 1, 11700, 0, '0', '2,3', 'Новый', '2022-09-20', 'gjghh', 'CytoSport,BSN', 'Аминокислоты,Протеин', 'yandex', 'courier', 'Ваниль,Ваниль', 'гр,гр', 'Monster Amino,True Mass', '375', '1770,2720', '81.jpeg,90.jpeg', 0, 0, 0, '', 0),
(48, 'Нео', '8 (111) 111-11-11', 'Дыбенко 17', 0, 8930, 0, '0', '2,1', 'Новый', '2024-09-20', 'dsfdsf', 'BSN,BSN', 'Протеин,Гейнер', 'nal', 'courier', 'Печенье-крем,Шоколад', 'гр,гр', 'True Mass,True Mass 1200', '2600', '2720,3490', '90.jpeg,91.jpeg', 0, 0, 0, '', 0),
(49, 'Нео', '8 (111) 111-11-11', 'Дыбенко 17', 0, 8930, 0, '0', '2,1', 'Новый', '2024-09-20', 'dsfdsf', 'BSN,BSN', 'Протеин,Гейнер', 'nal', 'courier', 'Печенье-крем,Шоколад', 'гр,гр', 'True Mass,True Mass 1200', '2600', '2720,3490', '90.jpeg,91.jpeg', 0, 0, 0, '', 0),
(50, 'Тест', '8 (999) 999-99-99', 'Северный пр,8', 0, 9750, 400, '0', '2,1,1', 'Новый', '2024-09-20', 'bjbghj', 'CytoSport,BSN,BSN', 'Аминокислоты,Протеин,Гейнер', 'nal', 'immediately_courier', 'Клубника,Ваниль,Шоколад', 'гр,гр,гр', 'Monster Amino,True Mass,True Mass 1200', '375', '1770,2720,3490', '81.jpeg,90.jpeg,91.jpeg', 0, 0, 0, '', 0),
(51, 'Тест', '8 (999) 999-99-99', 'Северный пр,8', 0, 9750, 400, '0', '2,1,1', 'Новый', '2024-09-20', 'bjbghj', 'CytoSport,BSN,BSN', 'Аминокислоты,Протеин,Гейнер', 'nal', 'immediately_courier', 'Клубника,Ваниль,Шоколад', 'гр,гр,гр', 'Monster Amino,True Mass,True Mass 1200', '375', '1770,2720,3490', '81.jpeg,90.jpeg,91.jpeg', 0, 0, 0, '', 0),
(52, 'Admin', '+7 (924) 556-57-78', 'Северный пр,8', 0, 7370, 0, '0', '2,1', 'Новый', '2024-09-20', 'czxc', 'BSN,Cellucor', 'Протеин,Креатин', 'nal', 'courier', 'Ваниль,Арбуз', 'гр,гр', 'True Mass,C4 Extreme', '2600', '2720,1930', '90.jpeg,93.jpeg', 0, 0, 0, '', 0),
(53, 'Admin', '+7 (924) 556-57-78', 'Северный пр,8', 0, 7370, 0, '0', '2,1', 'Новый', '2024-09-20', 'czxc', 'BSN,Cellucor', 'Протеин,Креатин', 'nal', 'courier', 'Ваниль,Арбуз', 'гр,гр', 'True Mass,C4 Extreme', '2600', '2720,1930', '90.jpeg,93.jpeg', 0, 0, 0, '', 0),
(54, 'Admin', '+7 (924) 556-57-78', 'Северный пр,8', 0, 3670, 0, '0', '1,1', 'Новый', '2024-09-20', 'hbjj', 'CytoSport,Optimum Nutrition', 'Аминокислоты,BCAA', 'nal', 'courier', 'Клубника,Нейтральный', 'гр,гр', 'Monster Amino,BCAA 5000', '375', '1770,1900', '81.jpeg,92.jpeg', 0, 0, 0, '', 0),
(55, 'Admin', '+7 (924) 556-57-78', 'Северный пр,8', 0, 3670, 0, '0', '1,1', 'Новый', '2024-09-20', 'hbjj', 'CytoSport,Optimum Nutrition', 'Аминокислоты,BCAA', 'nal', 'courier', 'Клубника,Нейтральный', 'гр,гр', 'Monster Amino,BCAA 5000', '375', '1770,1900', '81.jpeg,92.jpeg', 0, 0, 0, '', 0),
(56, 'Admin', '+7 (924) 556-57-78', 'Дыбенко 17', 0, 1770, 250, '0', '1', 'Новый', '2024-09-20', 'hjkhg', 'CytoSport', 'Аминокислоты', 'nal', 'courier', 'Шоколад', 'гр', 'Monster Amino', '375', '1770', '81.jpeg', 0, 0, 0, '', 0),
(57, 'Admin', '+7 (924) 556-57-78', 'Дыбенко 17', 0, 1770, 250, '0', '1', 'Новый', '2024-09-20', 'hjkhg', 'CytoSport', 'Аминокислоты', 'nal', 'courier', 'Шоколад', 'гр', 'Monster Amino', '375', '1770', '81.jpeg', 0, 0, 0, '', 0),
(58, 'Илья', '8 (911) 972-16-12', 'Дыбенко 17', 1, 8930, 0, '0', '2,1', 'Новый', '2024-09-20', '18-00', 'BSN,BSN', 'Протеин,Гейнер', 'nal', 'courier', 'Ваниль,Шоколад', 'гр,гр', 'True Mass,True Mass 1200', '2600', '2720,3490', '90.jpeg,91.jpeg', 0, 0, 0, '', 0),
(59, 'Илья', '8 (911) 972-16-12', 'Дыбенко 17', 1, 8930, 0, '0', '2,1', 'Новый', '2024-09-20', '18-00', 'BSN,BSN', 'Протеин,Гейнер', 'nal', 'courier', 'Ваниль,Шоколад', 'гр,гр', 'True Mass,True Mass 1200', '2600', '2720,3490', '90.jpeg,91.jpeg', 0, 0, 0, '', 0),
(60, 'Илья', '8 (911) 972-16-12', 'Северный пр,8', 1, 12420, 0, '0', '2,2', 'Новый', '2024-09-20', 'dsf', 'BSN,BSN', 'Протеин,Гейнер', 'nal', 'courier', 'Клубника,Ваниль', 'гр,гр', 'True Mass,True Mass 1200', '2600', '2720,3490', '90.jpeg,91.jpeg', 0, 0, 0, '', 0),
(61, 'Илья', '8 (911) 972-16-12', 'Северный пр,8', 1, 12420, 0, '0', '2,2', 'Новый', '2024-09-20', 'dsf', 'BSN,BSN', 'Протеин,Гейнер', 'nal', 'courier', 'Клубника,Ваниль', 'гр,гр', 'True Mass,True Mass 1200', '2600', '2720,3490', '90.jpeg,91.jpeg', 0, 0, 0, '', 0),
(62, 'Илья', '8 (911) 972-16-12', 'Дыбенко 17', 1, 1770, 250, '0', '1', 'Новый', '2024-09-20', 'khjj', 'CytoSport', 'Аминокислоты', 'nal', 'courier', 'Ваниль', 'гр', 'Monster Amino', '375', '1770', '81.jpeg', 0, 0, 0, '', 0),
(63, 'Илья', '8 (911) 972-16-12', 'Дыбенко 17', 1, 1770, 250, '0', '1', 'В доставке', '2024-09-20', 'khjj', 'CytoSport', 'Аминокислоты', 'nal', 'courier', 'Ваниль', 'гр', 'Monster Amino', '375', '1770', '81.jpeg', 0, 0, 0, '', 0),
(64, 'Илья', '8 (911) 972-16-12', 'Дыбенко 17', 1, 2720, 0, '0', '1', 'Новый', '2024-09-20', 'cdac', 'BSN', 'Протеин', 'nal', 'courier', 'Ваниль', 'гр', 'True Mass', '2600', '2720', '90.jpeg', 0, 0, 0, '', 0),
(65, 'Илья', '8 (911) 972-16-12', 'Дыбенко 17', 1, 2720, 0, '0', '1', 'Новый', '2024-09-20', 'cdac', 'BSN', 'Протеин', 'nal', 'courier', 'Ваниль', 'гр', 'True Mass', '2600', '2720', '90.jpeg', 0, 0, 0, '', 0),
(66, 'Илья', '8 (911) 972-16-12', 'Северный пр,8', 1, 1770, 250, '0', '1', 'Новый', '2024-09-20', 'cdzad', 'CytoSport', 'Аминокислоты', 'nal', 'courier', 'Клубника', 'гр', 'Monster Amino', '375', '1770', '81.jpeg', 0, 0, 0, '', 0),
(67, 'Илья', '8 (911) 972-16-12', 'Северный пр,8', 1, 1770, 250, '0', '1', 'Новый', '2024-09-20', 'cdzad', 'CytoSport', 'Аминокислоты', 'nal', 'courier', 'Клубника', 'гр', 'Monster Amino', '375', '1770', '81.jpeg', 0, 0, 0, '', 0),
(68, 'Илья', '8 (911) 972-16-12', 'Северный пр,8', 1, 1770, 0, '0', '1', 'Новый', '2024-09-20', 'efrsdf', 'CytoSport', 'Аминокислоты', 'nal', 'pickup', 'Ваниль', 'гр', 'Monster Amino', '375', '1770', '81.jpeg', 0, 0, 0, '', 0),
(69, 'Илья', '8 (911) 972-16-12', 'Северный пр,8', 1, 1770, 0, '0', '1', 'Новый', '2024-09-20', 'efrsdf', 'CytoSport', 'Аминокислоты', 'nal', 'pickup', 'Ваниль', 'гр', 'Monster Amino', '375', '1770', '81.jpeg', 0, 0, 0, '', 0),
(70, 'Илья', '8 (911) 972-16-12', 'Выборгский, Северный пр,8', 1, 2720, 0, '0', '1', 'Новый', '2024-09-20', 'rwter', 'BSN', 'Протеин', 'nal', 'courier', 'Ваниль', 'гр', 'True Mass', '2600', '2720', '90.jpeg', 0, 0, 0, '', 0),
(71, 'Илья', '8 (911) 972-16-12', 'Выборгский, Северный пр,8', 1, 2720, 0, '0', '1', 'Новый', '2024-09-20', 'rwter', 'BSN', 'Протеин', 'nal', 'courier', 'Ваниль', 'гр', 'True Mass', '2600', '2720', '90.jpeg', 0, 0, 0, '', 0),
(72, 'Илья', '8 (911) 972-16-12', 'Выборгский, Дыбенко 17', 1, 2170, 400, '0', '1', 'Новый', '2025-09-20', 'gsfdgdf', 'CytoSport', 'Аминокислоты', 'nal', 'immediately_courier', 'Клубника', 'гр', 'Monster Amino', '375', '1770', '81.jpeg', 0, 0, 0, '', 0),
(73, 'Илья', '8 (911) 972-16-12', 'Выборгский, Дыбенко 17', 1, 7210, 400, '0', '1,2', 'Новый', '2025-09-20', 'gsfdgdf', 'CytoSport,BSN', 'Аминокислоты,Протеин', 'nal', 'immediately_courier', 'Клубника,Печенье-крем', 'гр,гр', 'Monster Amino,True Mass', '375', '1770,2720', '81.jpeg,90.jpeg', 0, 0, 0, '', 0),
(74, 'Илья', '8 (911) 972-16-12', 'Космонавтов пр, д.23, Северный пр,8', 1, 1770, 0, '0', '1', 'Новый', '2025-09-20', 'jklj', 'CytoSport', 'Аминокислоты', 'nal', 'pickup', 'Ваниль', 'гр', 'Monster Amino', '375', '1770', '81.jpeg', 0, 0, 0, '', 0),
(75, 'Илья', '8 (911) 972-16-12', 'Космонавтов пр, д.23, Северный пр,8', 1, 1770, 0, '0', '1', 'Новый', '2025-09-20', 'jklj', 'CytoSport', 'Аминокислоты', 'nal', 'pickup', 'Ваниль', 'гр', 'Monster Amino', '375', '1770', '81.jpeg', 0, 0, 0, '', 0),
(76, 'Илья', '8 (911) 972-16-12', 'Кировский, Северный пр,8', 1, 2720, 0, '0', '1', 'Новый', '2025-09-20', 'jhkj', 'BSN', 'Протеин', 'yandex', 'courier', 'Клубника', 'гр', 'True Mass', '2600', '2720', '90.jpeg', 0, 0, 0, '', 0),
(77, 'Илья', '8 (911) 972-16-12', 'Кировский, Северный пр,8', 1, 2720, 0, '0', '1', 'Новый', '2025-09-20', 'jhkj', 'BSN', 'Протеин', 'yandex', 'courier', 'Клубника', 'гр', 'True Mass', '2600', '2720', '90.jpeg', 0, 0, 0, '', 0),
(78, 'Илья', '8 (911) 972-16-12', 'Выборгский, Северный пр,8', 1, 800, 400, '0', '2', 'Новый', '2025-09-20', 'ghjh', 'PVL', 'Витамины', 'wire', 'immediately_courier', 'Нейтральный', 'гр', 'Multi Maxx', '60', '400', '97.jpeg', 0, 0, 0, '', 0),
(79, 'Илья', '8 (911) 972-16-12', 'Выборгский, Северный пр,8', 1, 800, 400, '0', '2', 'Новый', '2025-09-20', 'ghjh', 'PVL', 'Витамины', 'wire', 'immediately_courier', 'Нейтральный', 'гр', 'Multi Maxx', '60', '400', '97.jpeg', 0, 0, 0, '', 0),
(80, 'Илья', '8 (911) 972-16-12', 'Василеостровский, Дыбенко', 1, 2720, 0, '0', '1', 'Новый', '2025-09-20', 'fdgdsfg', 'BSN', 'Протеин', 'wire', 'courier', 'Клубника', 'гр', 'True Mass', '2600', '2720', '90.jpeg', 0, 0, 0, '', 0),
(81, 'Илья', '8 (911) 972-16-12', 'Василеостровский, Дыбенко', 1, 2720, 0, '0', '1', 'Выполнен', '2025-09-20', 'fdgdsfg', 'BSN', 'Протеин', 'wire', 'courier', 'Клубника', 'гр', 'True Mass', '2600', '2720', '90.jpeg', 0, 0, 0, '', 0),
(82, 'Илья', '8 (911) 972-16-12', 'Выборгский, Северный пр,8', 1, 6210, 0, '0', '1,1', 'Новый', '2025-09-20', '18-00', 'BSN,BSN', 'Протеин,Гейнер', 'nal', 'courier', 'Клубника,Шоколад', 'гр,гр', 'True Mass,True Mass 1200', '2600', '2720,3490', '90.jpeg,91.jpeg', 0, 0, 0, '', 0),
(83, 'Илья', '8 (911) 972-16-12', 'Выборгский, Северный пр.,д.8,корп.1,кв.198', 1, 2720, 0, '0', '1', 'Выполнен', '2026-09-20', 'dffds', 'BSN', 'Протеин', 'nal', 'courier', 'Клубника', 'гр', 'True Mass', '2600', '2720', '90.jpeg', 0, 0, 0, '', 0),
(84, 'Юзер', '8 (911) 123-45-67', 'Выберите район города, Северный пр,8', 11, 16880, 0, '77,90,105', '1,4,1', 'Выполнен', '2024-10-20', 'рпрол', 'CytoSport,BSN,Mad Max', 'Аминокислоты,Гейнер,Перчатки мужские', 'Наличными курьеру', 'Курьером', 'Клубника,Шоколад,M', 'гр,гр,шт', 'Monster Amino,True Mass 1200,Crazy MFG-850', '375', '1770,3490,1150', '81.jpeg,91.jpeg,141.jpeg', 199, 0, 0, '', 0),
(85, 'hshshs', '12151484', 'Выборгский р-он, djdjdjdj', 0, 20970, 0, '0', '3', 'Новый', '2025-10-20', '', 'CytoSport', 'Гейнер', 'nal', 'courier', 'Печенье-крем', 'гр', 'CytoGainer', '5440', '6990', '94.jpeg', 420, 0, 0, '', 0),
(86, 'Юзер', '8 (911) 123-45-67', 'Выборгский р-он, Северный пр,8', 11, 3710, 0, '90,144', '1,1', 'Новый', '2026-10-20', 'hggjghj', 'BSN,Twinlab', 'Протеин,Жиросжигатели', 'nal', 'courier', 'Шоколад,Нейтральный', 'гр,капсул', 'True Mass,Flax Fish Combo Oil', '2600', '2720,990', '90.jpeg,144.jpeg', 75, 0, 0, '', 0),
(89, 'Илья', '8 (911) 972-16-12', 'Василеостровский р-он, Северный пр,8', 1, 3490, 0, '0', '1', 'Новый', '2026-10-20', 'hgjh', 'BSN', 'Гейнер', 'nal', 'courier', 'Шоколад', 'гр', 'True Mass 1200', '4710', '3490', '91.jpeg', 70, 0, 1500, '', 0),
(90, 'Илья', '8 (911) 972-16-12', 'Василеостровский р-он, Дыбенко 17', 1, 3490, 0, '0', '1', 'Новый', '2027-10-20', 'jghjhg', 'BSN', 'Гейнер', 'nal', 'courier', 'Шоколад', 'гр', 'True Mass 1200', '4710', '3490', '91.jpeg', 70, 0, 1500, '', 0),
(92, 'Илья', '8 (911) 972-16-12', 'Выберите район города, Дыбенко 17', 1, 6250, 0, '0', '1,1,1', 'Новый', '2015-10-20', 'В любое время', 'CytoSport,Twinlab,BSN', 'Аминокислоты,Жиросжигатели,Гейнер', 'nal', 'courier', 'Шоколад,Нейтральный,Шоколад', 'гр,капсул,гр', 'Monster Amino,Flax Fish Combo Oil,True Mass 1200', '375', '1770,990,3490', '81.jpeg,144.jpeg,91.jpeg', 126, 0, 1500, '', 0),
(94, 'Апр', '8 (999) 999-99-99', 'Пушкин, Дыбенко 17', 0, 1300, 400, '0', '1,6', 'Новый', '2015-11-05', 'выфыа', 'PVL,QNT', 'Витамины,Батончики', 'yandex', 'area', 'Нейтральный,Шоколад-печенье', 'гр,шт', 'Multi Maxx,50% Full Protein Bar', '60,50', '400,150', '97.jpeg,96.jpeg', 26, 0, 0, '', 0),
(95, 'Нео', '8 (234) 234-32-42', 'Зеленогорск, Дыбенко 17', 0, 2720, 400, '0', '1', 'Новый', '2015-11-05', 'gfhgfh', 'BSN', 'Протеин', 'bank_wire', 'area', 'Ваниль', 'гр', 'True Mass', '2600', '2720', '90.jpeg', 55, 0, 0, '', 0),
(96, 'Апр', '8 (213) 123-12-31', 'Невский пр., д.56, Северный пр,8', 0, 2720, 0, '0', '1', 'Новый', '2015-11-05', 'gjhj', 'BSN', 'Протеин', 'webmoney', 'pickup', 'Шоколад', 'гр', 'True Mass', '2600', '2720', '90.jpeg', 55, 0, 0, '', 0),
(97, 'Илья', '8 (911) 972-16-12', 'Выборгский р-он, Северный пр,8', 1, 4860, 0, '0', '1,1,1', 'Выполнен', '2015-11-25', '', 'CytoSport,Twinlab,Universal Nutrition', 'Аминокислоты,Жиросжигатели,Аминокислоты', 'nal', 'courier', 'Клубника,Нейтральный,Нейтральный', 'гр,капсул,таблеток', 'Monster Amino,Flax Fish Combo Oil,Amino 2250', '375,120,120', '1770,990,2100', '81.jpeg,144.jpeg,145.jpeg', 98, 0, 1500, '', 0),
(99, 'Ил', '8 (999) 999-99-99', 'Калининский р-он, Северный пр,8', 14, 4300, 0, '139,144,145', '1,1,1', 'Новый', '2016-03-05', 'ghhjjjj', 'Gaspari Nutrition,Twinlab,Universal Nutrition', 'Аминокислоты,Жиросжигатели,Аминокислоты', 'Наличными курьеру', 'Курьером', 'Нейтральный,Нейтральный,Нейтральный', 'таблеток,капсул,таблеток', 'BCAA 6000,Flax Fish Combo Oil,Amino 2250', '180,120,120', '1560,990,2100', '139.jpeg,144.jpeg,145.jpeg', 94, 350, 1244, 'Таблетки,Капсулы,Таблетки', 0),
(100, 'Ил', '8 (999) 999-99-99', 'Выборгский р-он, Северный пр,8', 14, 6400, 400, '139,144,145', '1,1,2', 'В доставке', '2016-03-05', 'ghjghjgh', ',Gaspari Nutrition,Twinlab,Universal Nutrition', ',Аминокислоты,Жиросжигатели,Аминокислоты', 'Наличными курьеру', 'Срочно курьером', 'Нейтральный,Нейтральный,Нейтральный', ',таблеток,капсул,таблеток', ',BCAA 6000,Flax Fish Combo Oil,Amino 2250', '0,180,120,120', '1560,990,2100', '139.jpeg,144.jpeg,145.jpeg', 136, 750, 886, 'Таблетки,Капсулы,Таблетки', 0),
(101, 'Ил', '8 (999) 999-99-99', 'Выборгский р-он, Северный пр,8', 14, 15375, 400, '132,138,124', '1,3,1', 'Новый', '2016-03-05', 'fdsadf', 'Optimum Nutrition,Labrada Nutrition,MuscleTech', 'Протеин,Креатин,Гейнер', 'Яндекс Деньги', 'Срочно курьером', 'Шоколад,Нейтральный,Ваниль', 'гр,капсул,гр', 'Pro Gainer,Kre-Alkalyn Creatin Concentrate,Mass Tech Performance Series', '4540,240,3200', '4000,2325,4000', '132.jpeg,138.jpeg,124.jpeg', 301, 0, 886, 'Порошок,Капсулы,Порошок', 0),
(102, 'Bkmz', '88126754321', 'Московский р-он, Северный пр.,д.8,корп.1,кв.198', 0, 6100, 0, '132,145', '1,1', 'Новый', '2016-03-06', 'hgjghjh', 'Optimum Nutrition,Universal Nutrition', 'Протеин,Аминокислоты', 'Наличными курьеру', 'Курьером', 'Шоколад,Нейтральный', 'гр,таблеток', 'Pro Gainer,Amino 2250', '4540,120', '4000,2100', '132.jpeg,145.jpeg', 122, 0, 0, 'Порошок,Таблетки', 0),
(103, 'Ил', '8 (999) 999-99-99', 'Выборгский р-он, Северный пр.,д.8,корп.1,кв.198', 14, 6000, 400, '132,145', '1,1', 'Выполнен', '2016-03-06', 'рлоол', 'Optimum Nutrition,Universal Nutrition', 'Протеин,Аминокислоты', 'Наличными курьеру', 'Срочно курьером', 'Шоколад,Нейтральный', 'гр,таблеток', 'Pro Gainer,Amino 2250', '4540,120', '4000,2100', '132.jpeg,145.jpeg', 122, 500, 1122, 'Порошок,Таблетки', 1),
(104, 'Ил', '8 (999) 999-99-99', 'Выборгский р-он, Северный пр,8', 14, 2720, 0, '90', '1', 'Новый', '2016-05-12', 'afdf', 'BSN', 'Протеин', 'Безналичный расчёт', 'Курьером', 'Шоколад', 'гр', 'True Mass', '2600', '2720', '90.jpeg', 55, 0, 0, 'Порошок', 0),
(105, 'Вячеслав', '8911962546', 'Выборгский р-он, Космонавтов 23', 0, 10490, 0, '94,151', '1,2', 'Новый', '2016-06-04', '', 'CytoSport,Olimp', 'Гейнер,Протеин', 'Наличными курьеру', 'Курьером', 'Печенье-крем,Шоколад', 'гр,гр', 'CytoGainer,Whey Protein Complex 100%', '5440,700', '6990,1750', '94.jpeg,151.jpeg', 210, 0, 0, 'Порошок,Порошок', 0),
(106, 'Нео', '8 (999) 999-99-99', 'Петроградский р-он, Дыбенко', 0, 3700, 0, '93,77', '1,1', 'Новый', '2016-06-18', '', 'Cellucor,CytoSport', 'Креатин,Аминокислоты', 'Наличными курьеру', 'Курьером', 'Апельсин,Ваниль', 'гр,гр', 'C4 Extreme,Monster Amino', '360,375', '1930,1770', '93.jpeg,81.jpeg', 75, 0, 0, 'Порошок,Порошок', 0),
(107, 'Апр', '8 (999) 999-99-99', 'Василеостровский р-он, Выборгский, Дыбенко 20', 0, 4100, 400, '93,77', '1,1', 'Новый', '2016-06-18', '', 'Cellucor,CytoSport', 'Креатин,Аминокислоты', 'Наличными курьеру', 'Срочно курьером', 'Арбуз,Ваниль', 'гр,гр', 'C4 Extreme,Monster Amino', '360,375', '1930,1770', '93.jpeg,81.jpeg', 75, 0, 0, 'Порошок,Порошок', 0),
(110, 'Илья', '8 (911) 972-16-12', 'Выборгский р-он, Северный пр.,д.8,корп.кв.198', 1, 9770, 0, '77,124', '1,2', 'Новый', '2016-07-19', 'ghj', 'CytoSport,MuscleTech', 'Аминокислоты,Гейнер', 'Наличными курьеру', 'Курьером', 'Выберите вкус,Шоколад', 'гр,гр', 'Monster Amino,Mass Tech Performance Series', '375,3200', '1770,4000', '81.jpeg,124.jpeg', 196, 0, 0, 'Порошок,Порошок', 0),
(111, 'Илья', '8 (911) 972-16-12', 'Выборгский р-он, Северный пр.,д.8,корп.кв.198', 1, 9770, 0, '77,124', '1,2', 'Новый', '2016-07-19', 'vhgfj', 'CytoSport,MuscleTech', 'Аминокислоты,Гейнер', 'Безналичный расчёт', 'Курьером', 'Выберите вкус,Шоколад', 'гр,гр', 'Monster Amino,Mass Tech Performance Series', '375,3200', '1770,4000', '81.jpeg,124.jpeg', 196, 0, 0, 'Порошок,Порошок', 0),
(112, 'Ил', '8 (999) 999-99-99', 'Выборгский р-он, Северный пр,8', 14, 27850, 0, '145,151,132,132,132', '1,1,2,3,1', 'Новый', '2016-07-21', 'отсутствует', 'Universal Nutrition,Olimp,Optimum Nutrition,Optimum Nutrition,Optimum Nutrition', 'Аминокислоты,Протеин,Протеин,Протеин,Протеин', 'Наличными курьеру', 'Курьером', 'Нейтральный,Шоколад,Банан,Банан,Банан', 'таблеток,гр,гр', 'Amino 2250,Whey Protein Complex 100%,Pro Gainer,Pro Gainer,Pro Gainer', '120,700,4540,4540,4540', '2100,1750,4000,4000,4000', '145.jpeg,151.jpeg,132.jpeg,132.jpeg,132.jpeg', 557, 0, 0, 'Таблетки,Порошок,Порошок,Порошок,Порошок', 0),
(113, 'Нео', '8 (111) 111-11-11', 'Выборгский р-он, Северный пр,8', 0, 2500, 400, '145', '1', 'Новый', '2016-07-21', 'hgjk', 'Universal Nutrition', 'Аминокислоты', 'Наличными курьеру', 'Срочно курьером', 'Нейтральный', 'таблеток', 'Amino 2250', '120', '2100', '145.jpeg', 42, 0, 0, 'Таблетки', 0),
(114, 'Ил', '8 (999) 999-99-99', 'Выборгский р-он, Космонавтов пр., д. 37', 14, 10050, 400, '132,145,151', '1,2,1', 'Новый', '2016-07-21', 'Домофон 111', 'Optimum Nutrition,Universal Nutrition,Olimp', 'Протеин,Аминокислоты,Протеин', 'Наличными курьеру', 'Срочно курьером', 'Шоколад,Нейтральный,Шоколад', 'гр,таблеток,гр', 'Pro Gainer,Amino 2250,Whey Protein Complex 100%', '4540,120,700', '4000,2100,1750', '132.jpeg,145.jpeg,151.jpeg', 199, 300, 399, 'Порошок,Таблетки,Порошок', 0),
(115, 'Ил', '8 (999) 999-99-99', 'Выборгский р-он, Северный пр.,д.8,корп.кв.198', 14, 6899, 0, '152', '1', 'Новый', '2016-07-22', 'ewqe', 'Optimum Nutrition', 'Протеин', 'Наличными курьеру', 'Курьером', 'Двойной шоколад', 'гр', '100% Whey Gold Standard', '4540', '7199', '152.jpeg', 144, 300, 344, 'Порошок', 0),
(116, 'Ил', '8 (999) 999-99-99', 'Выборгский р-он, Северный пр.,д.8,корп.кв.198', 14, 2750, 250, '92,97', '1,2', 'Новый', '2016-07-22', 'sad', 'Optimum Nutrition,PVL', 'BCAA,Витамины', 'Безналичный расчёт', 'Курьером', 'Нейтральный,Нейтральный', 'гр,гр', 'BCAA 5000,Multi Maxx', '336,60', '1900,400', '92.jpeg,97.jpeg', 54, 200, 354, 'Порошок,Капсулы', 0),
(120, '123', '8 (991) 243-11-11', 'Василеостровский р-он, 324', 39, 2100, 0, '145', '1', 'Новый', '2016-07-30', '342', 'Universal Nutrition', 'Аминокислоты', 'Наличными курьеру', 'Курьером', 'Нейтральный', 'таблеток', 'Amino 2250', '120', '2100', '145.jpeg', 42, 0, 97, 'Таблетки', 0),
(121, 'Илья', '8 (911) 972-16-12', 'Выборгский р-он, Северный пр.,д.8,корп.кв.198', 1, 8000, 0, '132', '2', 'Новый', '2016-07-30', 'hgjh', 'Optimum Nutrition', 'Протеин', 'Наличными курьеру', 'Курьером', 'Банан', 'гр', 'Pro Gainer', '4540', '4000', '132.jpeg', 160, 0, 160, 'Порошок,Порошок', 0),
(122, 'Qwerty', '8 (991) 243-11-22', 'Выборгский р-он, Северный пр.,д.8,корп.кв.198', 40, 2000, 0, '145', '1', 'Новый', '2016-07-30', '212', 'Universal Nutrition', 'Аминокислоты', 'Наличными курьеру', 'Курьером', 'Нейтральный', 'таблеток', 'Amino 2250', '120', '2100', '145.jpeg', 42, 100, 0, 'Таблетки', 0),
(123, 'Илья', '8 (911) 972-16-12', 'Выборгский р-он, Северный пр,8', 1, 2350, 250, '145', '1', 'Новый', '2016-08-10', 'sdf', 'Universal Nutrition', 'Аминокислоты', 'Наличными курьеру', 'Курьером', 'Шоколад', 'таблеток', 'Amino 2250', '120', '2100', '145.jpeg', 42, 0, 0, 'Таблетки', 0),
(124, 'Илья', '8 (911) 972-16-12', 'Выборгский р-он, Северный пр,8', 1, 2350, 250, '145', '1', 'Новый', '2016-08-10', 'sdf', 'Universal Nutrition', 'Аминокислоты', 'Наличными курьеру', 'Курьером', 'Шоколад', 'таблеток', 'Amino 2250', '120', '2100', '145.jpeg', 42, 0, 0, 'Таблетки', 0),
(125, 'Илья', '8 (911) 972-16-12', 'Выборгский р-он, Северный пр,8', 1, 2350, 250, '145', '1', 'Новый', '2016-08-10', 'bhgjhgjhg', 'Universal Nutrition', 'Аминокислоты', 'Наличными курьеру', 'Курьером', 'Шоколад', 'таблеток', 'Amino 2250', '120', '2100', '145.jpeg', 42, 0, 0, 'Таблетки', 0),
(126, 'Илья', '8 (911) 972-16-12', 'Выборгский р-он, sadf', 1, 2350, 250, '145', '1', 'Новый', '2016-08-10', 'sadf', 'Universal Nutrition', 'Аминокислоты', 'Наличными курьеру', 'Курьером', 'Шоколад', 'таблеток', 'Amino 2250', '120', '2100', '145.jpeg', 42, 0, 0, 'Таблетки', 0),
(127, 'Илья', '8 (911) 972-16-12', 'Невский р-он, asdf', 1, 2350, 250, '145', '1', 'Новый', '2016-08-10', 'sdfa', 'Universal Nutrition', 'Аминокислоты', 'Наличными курьеру', 'Курьером', 'Шоколад', 'таблеток', 'Amino 2250', '120', '2100', '145.jpeg', 42, 0, 0, 'Таблетки', 0),
(128, 'Илья', '8 (911) 972-16-12', 'Василеостровский р-он, Северный пр,8', 1, 2350, 250, '145', '1', 'Новый', '2016-08-10', 'asd', 'Universal Nutrition', 'Аминокислоты', 'Наличными курьеру', 'Курьером', 'Шоколад', 'таблеток', 'Amino 2250', '120', '2100', '145.jpeg', 42, 0, 0, 'Таблетки', 0),
(129, 'Илья', '8 (911) 972-16-12', 'Василеостровский р-он, Дыd', 1, 2350, 250, '145', '1', 'Новый', '2016-08-10', 'asd', 'Universal Nutrition', 'Аминокислоты', 'Наличными курьеру', 'Курьером', 'Шоколад', 'таблеток', 'Amino 2250', '120', '2100', '145.jpeg', 42, 0, 0, 'Таблетки', 0),
(130, 'Илья', '8 (911) 972-16-12', 'Выборгский р-он, Дыбенко 17', 1, 2350, 250, '145', '1', 'Новый', '2016-08-10', 'df', 'Universal Nutrition', 'Аминокислоты', 'Наличными курьеру', 'Курьером', 'Шоколад', 'таблеток', 'Amino 2250', '120', '2100', '145.jpeg', 42, 0, 0, 'Таблетки', 0),
(131, 'Илья', '8 (911) 972-16-12', 'Калининский р-он, Дыбенко 17', 1, 2350, 250, '145', '1', 'Новый', '2016-08-10', 'dfsdf', 'Universal Nutrition', 'Аминокислоты', 'Наличными курьеру', 'Курьером', 'Шоколад', 'таблеток', 'Amino 2250', '120', '2100', '145.jpeg', 42, 0, 0, 'Таблетки', 0),
(132, 'Илья', '8 (911) 972-16-12', 'Василеостровский р-он, Дыбенко 17', 1, 2350, 250, '145', '1', 'Новый', '2016-08-10', '', 'Universal Nutrition', 'Аминокислоты', 'Наличными курьеру', 'Курьером', 'Шоколад', 'таблеток', 'Amino 2250', '120', '2100', '145.jpeg', 42, 0, 0, 'Таблетки', 0),
(133, 'Илья', '8 (911) 972-16-12', 'Фрунзенский р-он, asd', 1, 2350, 250, '145', '1', 'Новый', '2016-08-10', '', 'Universal Nutrition', 'Аминокислоты', 'Наличными курьеру', 'Курьером', 'Шоколад', 'таблеток', 'Amino 2250', '120', '2100', '145.jpeg', 42, 0, 0, 'Таблетки', 0),
(134, 'Илья', '8 (911) 972-16-12', 'Выборгский р-он, Северный пр,8', 1, 2350, 250, '145', '1', 'Новый', '2016-08-10', '123', 'Universal Nutrition', 'Аминокислоты', 'Наличными курьеру', 'Курьером', 'Шоколад', 'таблеток', 'Amino 2250', '120', '2100', '145.jpeg', 42, 0, 0, 'Таблетки', 0),
(135, 'Илья', '8 (911) 972-16-12', 'Кировский р-он, Дыбенко 17', 1, 2350, 250, '145', '1', 'Новый', '2016-08-10', 'ghj', 'Universal Nutrition', 'Аминокислоты', 'Наличными курьеру', 'Курьером', 'Шоколад', 'таблеток', 'Amino 2250', '120', '2100', '145.jpeg', 42, 0, 0, 'Таблетки', 0),
(136, 'Илья', '8 (911) 972-16-12', 'Выборгский р-он, Северный пр,8', 1, 2350, 250, '145', '1', 'Новый', '2016-08-10', 'gjh', 'Universal Nutrition', 'Аминокислоты', 'Наличными курьеру', 'Курьером', 'Шоколад', 'таблеток', 'Amino 2250', '120', '2100', '145.jpeg', 42, 0, 0, 'Таблетки', 0),
(138, 'Илья', '8 (911) 972-16-12', 'Выборгский р-он, Северный пр,8', 1, 12790, 0, '145,134,124', '2,2,1', 'Новый', '2016-08-13', 'фыва', 'Universal Nutrition,Olimp,MuscleTech', 'Аминокислоты,Аминокислоты,Гейнер', 'Наличными курьеру', 'Курьером', 'Шоколад,Нейтральный,Ваниль', 'таблеток,таблеток,гр', 'Amino 2250,Anabolic Amino 5500,Mass Tech Performance Series', '120,400,3200', '2100,2395,4000', '145.jpeg,134.jpeg,124.jpeg', 260, 200, 0, 'Таблетки,Капсулы,Порошок', 0);

/*!40101 SET CHARACTER_SET_CLIENT=@OLD_CHARACTER_SET_CLIENT */;
/*!40101 SET CHARACTER_SET_RESULTS=@OLD_CHARACTER_SET_RESULTS */;
/*!40101 SET COLLATION_CONNECTION=@OLD_COLLATION_CONNECTION */;
